mode,acq_mode,bias_average,dark_average,science_average,vstart,vend,hstart,hend,vod_value,vrd_value,start_delay,acq_delay,integration_time,num_acqs,num_flush,dark_so_steps,dark_nadir_steps,motor_delay,motor_start_position,flag_register,binning_size,control_bits
5,1,0,0,0,0,1,0,1047,4095,3480,1,0,50,1,2,0,0,125,7,136,0,985 # TEST CARD:Vertical Bin (0:1;0:1047) -Tint = 50 ms -16 bit - Rhythm = 1000 ms
3,0,0,0,0,0,255,0,1047,4095,3480,1,0,10000,65534,242,5,5,125,7,216,0,0 # STEPPER CALIBRATION: Full Frame (0:255;0:1047) - Tint = 10000 ms -16 bit - Rhythm = 12723 ms
3,1,0,0,0,107,229,0,1047,4095,3480,1,0,10000,65534,242,5,5,125,7,88,0,0 # STEPPER CALIBRATION: Vertical Bin (107:229;0:1047) -Tint = 10000 ms -20 bit - Rhythm = 11321 ms
3,1,0,0,0,167,182,0,1047,4095,3480,1,2,40,65534,242,5,5,125,7,88,0,0 # STEPPER CALIBRATION: Vertical Bin (167:182;0:1047) -Tint = 40 ms -20 bit - Rhythm = 235 ms
3,0,0,0,0,140,205,0,1047,4095,3480,1,2600,40,65534,242,5,5,125,7,200,0,0 # STEPPER CALIBRATION: Full Frame (140:205;0:1047) - Tint = 40 ms -16 bit - Rhythm = 3361 ms
1,0,0,0,0,167,182,0,1047,4095,3480,1,0,65000,65534,242,5,5,125,7,202,0,0 # SO: Full Frame (167:182;0:1047) - Tint = 65000 ms -16 bit - Rhythm = 65193 ms
1,1,0,0,0,167,182,0,1047,4095,3480,1,0,65000,65534,242,5,5,125,7,74,0,0 # SO: Vertical Bin (167:182;0:1047) -Tint = 65000 ms -20 bit - Rhythm = 65193 ms
1,1,0,0,0,167,182,0,1047,4095,3480,1,42,0,65534,242,5,5,125,7,74,0,0 # SO: Vertical Bin (167:182;0:1047) -Tint = 0 ms -20 bit - Rhythm = 235 ms
2,0,0,0,0,0,255,0,1047,4095,3480,1,8796,0,53,242,5,5,125,7,202,0,0 # NADIR: Full Frame (0:255;0:1047) - Tint = 0 ms -16 bit - Rhythm = 11519 ms
2,1,0,0,0,47,240,0,1047,4095,3480,1,12930,0,41,242,5,5,125,7,74,0,0 # NADIR: Vertical Bin (47:240;0:1047) -Tint = 0 ms -20 bit - Rhythm = 15000 ms
2,1,0,0,0,0,255,0,1047,4095,3480,1,12277,0,41,242,5,5,125,7,74,0,0 # NADIR: Vertical Bin (0:255;0:1047) -Tint = 0 ms -20 bit - Rhythm = 15000 ms
2,0,0,0,0,47,240,0,1047,4095,3480,1,0,65000,9,242,5,5,125,7,202,0,0 # NADIR: Full Frame (47:240;0:1047) - Tint = 65000 ms -16 bit - Rhythm = 67070 ms
2,1,0,0,0,47,240,0,1047,4095,3480,1,0,65000,9,242,5,5,125,7,74,0,0 # NADIR: Vertical Bin (47:240;0:1047) -Tint = 65000 ms -20 bit - Rhythm = 67070 ms
2,1,0,0,0,0,255,0,1047,4095,3480,1,0,65000,9,242,5,5,125,7,74,0,0 # NADIR: Vertical Bin (0:255;0:1047) -Tint = 65000 ms -20 bit - Rhythm = 67723 ms
1,0,0,0,0,140,205,0,1047,4095,3480,1,2635,5,60,242,5,5,125,7,204,0,0 # SO: CCD CALIBRATION - Full Frame (140:205;0:1047) - Tint = 5 ms -16 bit - Rhythm = 3361 ms
2,0,0,0,0,47,240,0,1047,4095,3480,1,0,60000,20,242,0,0,125,7,140,0,0 # NADIR: CCD CALIBRATION - Full Frame (47:240;0:1047) - Tint = 60000 ms -16 bit - Rhythm = 62070 ms
2,0,0,0,0,47,240,0,1047,4095,3480,1,1786,5000,10,242,0,0,125,7,138,0,0 # NADIR: Full Frame (47:240;0:1047) - Tint = 5000 ms -16 bit - Rhythm = 8856 ms
2,0,0,0,0,47,240,0,1047,4095,3480,1,0,15000,10,242,0,0,125,7,138,0,0 # NADIR: Full Frame (47:240;0:1047) - Tint = 15000 ms -16 bit - Rhythm = 17070 ms
2,0,0,0,0,0,255,0,1047,4095,3480,1,50340,3000,11,242,5,5,125,7,202,0,0 # NADIR: Full Frame (0:255;0:1047) - Tint = 3000 ms -16 bit - Rhythm = 56063 ms
2,0,0,0,0,0,255,0,1047,4095,3480,1,46340,7000,11,242,5,5,125,7,202,0,0 # NADIR: Full Frame (0:255;0:1047) - Tint = 7000 ms -16 bit - Rhythm = 56063 ms
2,0,0,0,0,0,255,0,1047,4095,3480,1,41340,12000,11,242,5,5,125,7,202,0,0 # NADIR: Full Frame (0:255;0:1047) - Tint = 12000 ms -16 bit - Rhythm = 56063 ms
1,0,0,0,0,140,205,0,1047,4095,3480,1,2610,30,65534,242,5,5,125,7,202,0,0 # SO: Full Frame (140:205;0:1047) - Tint = 30 ms -16 bit - Rhythm = 3361 ms
1,0,0,0,0,0,37,0,1047,4095,3480,1,1692,40,65534,242,5,5,125,7,202,0,0 # SO: Full Frame (0:37;0:1047) - Tint = 40 ms -16 bit - Rhythm = 2153 ms
1,0,0,0,0,8,67,0,1047,4095,3480,1,2405,40,65534,242,5,5,125,7,202,0,0 # SO: Full Frame (8:67;0:1047) - Tint = 40 ms -16 bit - Rhythm = 3098 ms
1,0,0,0,0,38,97,0,1047,4095,3480,1,2405,40,65534,242,5,5,125,7,202,0,0 # SO: Full Frame (38:97;0:1047) - Tint = 40 ms -16 bit - Rhythm = 3099 ms
1,0,0,0,0,68,127,0,1047,4095,3480,1,2405,40,65534,242,5,5,125,7,202,0,0 # SO: Full Frame (68:127;0:1047) - Tint = 40 ms -16 bit - Rhythm = 3100 ms
1,0,0,0,0,98,157,0,1047,4095,3480,1,2405,40,65534,242,5,5,125,7,202,0,0 # SO: Full Frame (98:157;0:1047) - Tint = 40 ms -16 bit - Rhythm = 3101 ms
1,0,0,0,0,128,187,0,1047,4095,3480,1,2405,40,65534,242,5,5,125,7,202,0,0 # SO: Full Frame (128:187;0:1047) - Tint = 40 ms -16 bit - Rhythm = 3102 ms
1,0,0,0,0,158,217,0,1047,4095,3480,1,2405,40,65534,242,5,5,125,7,202,0,0 # SO: Full Frame (158:217;0:1047) - Tint = 40 ms -16 bit - Rhythm = 3103 ms
1,0,0,0,0,188,247,0,1047,4095,3480,1,2405,40,65534,242,5,5,125,7,202,0,0 # SO: Full Frame (188:247;0:1047) - Tint = 40 ms -16 bit - Rhythm = 3104 ms
1,0,0,0,0,218,255,0,1047,4095,3480,1,1692,40,65534,242,5,5,125,7,202,0,0 # SO: Full Frame (218:255;0:1047) - Tint = 40 ms -16 bit - Rhythm = 2159 ms
1,0,0,0,0,0,37,0,1047,4095,3480,1,1732,0,65534,242,5,5,125,7,202,0,0 # SO: Full Frame (0:37;0:1047) - Tint = 0 ms -16 bit - Rhythm = 2153 ms
1,0,0,0,0,8,67,0,1047,4095,3480,1,2445,0,65534,242,5,5,125,7,202,0,0 # SO: Full Frame (8:67;0:1047) - Tint = 0 ms -16 bit - Rhythm = 3098 ms
1,0,0,0,0,38,97,0,1047,4095,3480,1,2445,0,65534,242,5,5,125,7,202,0,0 # SO: Full Frame (38:97;0:1047) - Tint = 0 ms -16 bit - Rhythm = 3099 ms
1,0,0,0,0,68,127,0,1047,4095,3480,1,2445,0,65534,242,5,5,125,7,202,0,0 # SO: Full Frame (68:127;0:1047) - Tint = 0 ms -16 bit - Rhythm = 3100 ms
1,0,0,0,0,98,157,0,1047,4095,3480,1,2445,0,65534,242,5,5,125,7,202,0,0 # SO: Full Frame (98:157;0:1047) - Tint = 0 ms -16 bit - Rhythm = 3101 ms
1,0,0,0,0,128,187,0,1047,4095,3480,1,2445,0,65534,242,5,5,125,7,202,0,0 # SO: Full Frame (128:187;0:1047) - Tint = 0 ms -16 bit - Rhythm = 3102 ms
1,0,0,0,0,158,217,0,1047,4095,3480,1,2445,0,65534,242,5,5,125,7,202,0,0 # SO: Full Frame (158:217;0:1047) - Tint = 0 ms -16 bit - Rhythm = 3103 ms
1,0,0,0,0,188,247,0,1047,4095,3480,1,2445,0,65534,242,5,5,125,7,202,0,0 # SO: Full Frame (188:247;0:1047) - Tint = 0 ms -16 bit - Rhythm = 3104 ms
1,0,0,0,0,218,255,0,1047,4095,3480,1,1732,0,65534,242,5,5,125,7,202,0,0 # SO: Full Frame (218:255;0:1047) - Tint = 0 ms -16 bit - Rhythm = 2159 ms
2,0,0,0,0,47,240,0,1047,4095,3480,1,16171,3000,29,242,5,5,125,7,202,0,0 # NADIR: Full Frame (47:240;0:1047) - Tint = 3000 ms -16 bit - Rhythm = 21241 ms
2,0,0,0,0,47,240,0,1047,4095,3480,1,26790,3000,19,242,5,5,125,7,202,0,0 # NADIR: Full Frame (47:240;0:1047) - Tint = 3000 ms -16 bit - Rhythm = 31860 ms
2,0,0,0,0,47,240,0,1047,4095,3480,1,37410,3000,15,242,5,5,125,7,202,0,0 # NADIR: Full Frame (47:240;0:1047) - Tint = 3000 ms -16 bit - Rhythm = 42480 ms
2,0,0,0,0,47,240,0,1047,4095,3480,1,58649,3000,10,242,5,5,125,7,202,0,0 # NADIR: Full Frame (47:240;0:1047) - Tint = 3000 ms -16 bit - Rhythm = 63719 ms
2,0,0,0,0,47,240,0,1047,4095,3480,1,14171,5000,29,242,5,5,125,7,202,0,0 # NADIR: Full Frame (47:240;0:1047) - Tint = 5000 ms -16 bit - Rhythm = 21241 ms
2,0,0,0,0,47,240,0,1047,4095,3480,1,24790,5000,19,242,5,5,125,7,202,0,0 # NADIR: Full Frame (47:240;0:1047) - Tint = 5000 ms -16 bit - Rhythm = 31860 ms
2,0,0,0,0,47,240,0,1047,4095,3480,1,35410,5000,15,242,5,5,125,7,202,0,0 # NADIR: Full Frame (47:240;0:1047) - Tint = 5000 ms -16 bit - Rhythm = 42480 ms
2,0,0,0,0,47,240,0,1047,4095,3480,1,56649,5000,10,242,5,5,125,7,202,0,0 # NADIR: Full Frame (47:240;0:1047) - Tint = 5000 ms -16 bit - Rhythm = 63719 ms
2,0,0,0,0,47,240,0,1047,4095,3480,1,12171,7000,29,242,5,5,125,7,202,0,0 # NADIR: Full Frame (47:240;0:1047) - Tint = 7000 ms -16 bit - Rhythm = 21241 ms
2,0,0,0,0,47,240,0,1047,4095,3480,1,22790,7000,19,242,5,5,125,7,202,0,0 # NADIR: Full Frame (47:240;0:1047) - Tint = 7000 ms -16 bit - Rhythm = 31860 ms
2,0,0,0,0,47,240,0,1047,4095,3480,1,33410,7000,15,242,5,5,125,7,202,0,0 # NADIR: Full Frame (47:240;0:1047) - Tint = 7000 ms -16 bit - Rhythm = 42480 ms
2,0,0,0,0,47,240,0,1047,4095,3480,1,54649,7000,10,242,5,5,125,7,202,0,0 # NADIR: Full Frame (47:240;0:1047) - Tint = 7000 ms -16 bit - Rhythm = 63719 ms
2,0,0,0,0,47,240,0,1047,4095,3480,1,9171,10000,29,242,5,5,125,7,202,0,0 # NADIR: Full Frame (47:240;0:1047) - Tint = 10000 ms -16 bit - Rhythm = 21241 ms
2,0,0,0,0,47,240,0,1047,4095,3480,1,19790,10000,19,242,5,5,125,7,202,0,0 # NADIR: Full Frame (47:240;0:1047) - Tint = 10000 ms -16 bit - Rhythm = 31860 ms
2,0,0,0,0,47,240,0,1047,4095,3480,1,30410,10000,15,242,5,5,125,7,202,0,0 # NADIR: Full Frame (47:240;0:1047) - Tint = 10000 ms -16 bit - Rhythm = 42480 ms
2,0,0,0,0,47,240,0,1047,4095,3480,1,51649,10000,10,242,5,5,125,7,202,0,0 # NADIR: Full Frame (47:240;0:1047) - Tint = 10000 ms -16 bit - Rhythm = 63719 ms
2,0,0,0,0,47,240,0,1047,4095,3480,1,16790,13000,19,242,5,5,125,7,202,0,0 # NADIR: Full Frame (47:240;0:1047) - Tint = 13000 ms -16 bit - Rhythm = 31860 ms
2,0,0,0,0,47,240,0,1047,4095,3480,1,27410,13000,15,242,5,5,125,7,202,0,0 # NADIR: Full Frame (47:240;0:1047) - Tint = 13000 ms -16 bit - Rhythm = 42480 ms
2,0,0,0,0,47,240,0,1047,4095,3480,1,48649,13000,10,242,5,5,125,7,202,0,0 # NADIR: Full Frame (47:240;0:1047) - Tint = 13000 ms -16 bit - Rhythm = 63719 ms
2,0,0,0,0,47,240,0,1047,4095,3480,1,3171,16000,29,242,5,5,125,7,202,0,0 # NADIR: Full Frame (47:240;0:1047) - Tint = 16000 ms -16 bit - Rhythm = 21241 ms
2,0,0,0,0,47,240,0,1047,4095,3480,1,13790,16000,19,242,5,5,125,7,202,0,0 # NADIR: Full Frame (47:240;0:1047) - Tint = 16000 ms -16 bit - Rhythm = 31860 ms
2,0,0,0,0,47,240,0,1047,4095,3480,1,24410,16000,15,242,5,5,125,7,202,0,0 # NADIR: Full Frame (47:240;0:1047) - Tint = 16000 ms -16 bit - Rhythm = 42480 ms
2,0,0,0,0,47,240,0,1047,4095,3480,1,45649,16000,10,242,5,5,125,7,202,0,0 # NADIR: Full Frame (47:240;0:1047) - Tint = 16000 ms -16 bit - Rhythm = 63719 ms
2,0,0,0,0,47,240,0,1047,4095,3480,1,9790,20000,19,242,5,5,125,7,202,0,0 # NADIR: Full Frame (47:240;0:1047) - Tint = 20000 ms -16 bit - Rhythm = 31860 ms
2,0,0,0,0,47,240,0,1047,4095,3480,1,20410,20000,15,242,5,5,125,7,202,0,0 # NADIR: Full Frame (47:240;0:1047) - Tint = 20000 ms -16 bit - Rhythm = 42480 ms
2,0,0,0,0,47,240,0,1047,4095,3480,1,41649,20000,10,242,5,5,125,7,202,0,0 # NADIR: Full Frame (47:240;0:1047) - Tint = 20000 ms -16 bit - Rhythm = 63719 ms
2,0,0,0,0,47,240,0,1047,4095,3480,1,10410,30000,15,242,5,5,125,7,202,0,0 # NADIR: Full Frame (47:240;0:1047) - Tint = 30000 ms -16 bit - Rhythm = 42480 ms
2,0,0,0,0,47,240,0,1047,4095,3480,1,31649,30000,10,242,5,5,125,7,202,0,0 # NADIR: Full Frame (47:240;0:1047) - Tint = 30000 ms -16 bit - Rhythm = 63719 ms
2,0,0,0,0,47,240,0,1047,4095,3480,1,16649,45000,10,242,5,5,125,7,202,0,0 # NADIR: Full Frame (47:240;0:1047) - Tint = 45000 ms -16 bit - Rhythm = 63719 ms
2,0,0,0,0,47,240,0,1047,4095,3480,1,1649,60000,10,242,5,5,125,7,202,0,0 # NADIR: Full Frame (47:240;0:1047) - Tint = 60000 ms -16 bit - Rhythm = 63719 ms
2,0,0,0,0,67,230,0,1047,4095,3480,1,13203,3000,34,242,5,5,125,7,202,0,0 # NADIR: Full Frame (67:230;0:1047) - Tint = 3000 ms -16 bit - Rhythm = 17956 ms
2,0,0,0,0,67,230,0,1047,4095,3480,1,22180,3000,23,242,5,5,125,7,202,0,0 # NADIR: Full Frame (67:230;0:1047) - Tint = 3000 ms -16 bit - Rhythm = 26933 ms
2,0,0,0,0,67,230,0,1047,4095,3480,1,31158,3000,17,242,5,5,125,7,202,0,0 # NADIR: Full Frame (67:230;0:1047) - Tint = 3000 ms -16 bit - Rhythm = 35911 ms
2,0,0,0,0,67,230,0,1047,4095,3480,1,49112,3000,12,242,5,5,125,7,202,0,0 # NADIR: Full Frame (67:230;0:1047) - Tint = 3000 ms -16 bit - Rhythm = 53865 ms
2,0,0,0,0,67,230,0,1047,4095,3480,1,11203,5000,34,242,5,5,125,7,202,0,0 # NADIR: Full Frame (67:230;0:1047) - Tint = 5000 ms -16 bit - Rhythm = 17956 ms
2,0,0,0,0,67,230,0,1047,4095,3480,1,20180,5000,23,242,5,5,125,7,202,0,0 # NADIR: Full Frame (67:230;0:1047) - Tint = 5000 ms -16 bit - Rhythm = 26933 ms
2,0,0,0,0,67,230,0,1047,4095,3480,1,29158,5000,17,242,5,5,125,7,202,0,0 # NADIR: Full Frame (67:230;0:1047) - Tint = 5000 ms -16 bit - Rhythm = 35911 ms
2,0,0,0,0,67,230,0,1047,4095,3480,1,47112,5000,12,242,5,5,125,7,202,0,0 # NADIR: Full Frame (67:230;0:1047) - Tint = 5000 ms -16 bit - Rhythm = 53865 ms
2,0,0,0,0,67,230,0,1047,4095,3480,1,9203,7000,34,242,5,5,125,7,202,0,0 # NADIR: Full Frame (67:230;0:1047) - Tint = 7000 ms -16 bit - Rhythm = 17956 ms
2,0,0,0,0,67,230,0,1047,4095,3480,1,18180,7000,23,242,5,5,125,7,202,0,0 # NADIR: Full Frame (67:230;0:1047) - Tint = 7000 ms -16 bit - Rhythm = 26933 ms
2,0,0,0,0,67,230,0,1047,4095,3480,1,27158,7000,17,242,5,5,125,7,202,0,0 # NADIR: Full Frame (67:230;0:1047) - Tint = 7000 ms -16 bit - Rhythm = 35911 ms
2,0,0,0,0,67,230,0,1047,4095,3480,1,45112,7000,12,242,5,5,125,7,202,0,0 # NADIR: Full Frame (67:230;0:1047) - Tint = 7000 ms -16 bit - Rhythm = 53865 ms
2,0,0,0,0,67,230,0,1047,4095,3480,1,6203,10000,34,242,5,5,125,7,202,0,0 # NADIR: Full Frame (67:230;0:1047) - Tint = 10000 ms -16 bit - Rhythm = 17956 ms
2,0,0,0,0,67,230,0,1047,4095,3480,1,24158,10000,17,242,5,5,125,7,202,0,0 # NADIR: Full Frame (67:230;0:1047) - Tint = 10000 ms -16 bit - Rhythm = 35911 ms
2,0,0,0,0,67,230,0,1047,4095,3480,1,42112,10000,12,242,5,5,125,7,202,0,0 # NADIR: Full Frame (67:230;0:1047) - Tint = 10000 ms -16 bit - Rhythm = 53865 ms
2,0,0,0,0,67,230,0,1047,4095,3480,1,12180,13000,23,242,5,5,125,7,202,0,0 # NADIR: Full Frame (67:230;0:1047) - Tint = 13000 ms -16 bit - Rhythm = 26933 ms
2,0,0,0,0,67,230,0,1047,4095,3480,1,21158,13000,17,242,5,5,125,7,202,0,0 # NADIR: Full Frame (67:230;0:1047) - Tint = 13000 ms -16 bit - Rhythm = 35911 ms
2,0,0,0,0,67,230,0,1047,4095,3480,1,39112,13000,12,242,5,5,125,7,202,0,0 # NADIR: Full Frame (67:230;0:1047) - Tint = 13000 ms -16 bit - Rhythm = 53865 ms
2,0,0,0,0,67,230,0,1047,4095,3480,1,9180,16000,23,242,5,5,125,7,202,0,0 # NADIR: Full Frame (67:230;0:1047) - Tint = 16000 ms -16 bit - Rhythm = 26933 ms
2,0,0,0,0,67,230,0,1047,4095,3480,1,18158,16000,17,242,5,5,125,7,202,0,0 # NADIR: Full Frame (67:230;0:1047) - Tint = 16000 ms -16 bit - Rhythm = 35911 ms
2,0,0,0,0,67,230,0,1047,4095,3480,1,36112,16000,12,242,5,5,125,7,202,0,0 # NADIR: Full Frame (67:230;0:1047) - Tint = 16000 ms -16 bit - Rhythm = 53865 ms
2,0,0,0,0,67,230,0,1047,4095,3480,1,5180,20000,23,242,5,5,125,7,202,0,0 # NADIR: Full Frame (67:230;0:1047) - Tint = 20000 ms -16 bit - Rhythm = 26933 ms
2,0,0,0,0,67,230,0,1047,4095,3480,1,14158,20000,17,242,5,5,125,7,202,0,0 # NADIR: Full Frame (67:230;0:1047) - Tint = 20000 ms -16 bit - Rhythm = 35911 ms
2,0,0,0,0,67,230,0,1047,4095,3480,1,32112,20000,12,242,5,5,125,7,202,0,0 # NADIR: Full Frame (67:230;0:1047) - Tint = 20000 ms -16 bit - Rhythm = 53865 ms
2,0,0,0,0,67,230,0,1047,4095,3480,1,4158,30000,17,242,5,5,125,7,202,0,0 # NADIR: Full Frame (67:230;0:1047) - Tint = 30000 ms -16 bit - Rhythm = 35911 ms
2,0,0,0,0,67,230,0,1047,4095,3480,1,22112,30000,12,242,5,5,125,7,202,0,0 # NADIR: Full Frame (67:230;0:1047) - Tint = 30000 ms -16 bit - Rhythm = 53865 ms
2,0,0,0,0,67,230,0,1047,4095,3480,1,7112,45000,12,242,5,5,125,7,202,0,0 # NADIR: Full Frame (67:230;0:1047) - Tint = 45000 ms -16 bit - Rhythm = 53865 ms
2,0,0,0,0,67,230,0,1047,4095,3480,1,0,60000,10,242,5,5,125,7,202,0,0 # NADIR: Full Frame (67:230;0:1047) - Tint = 60000 ms -16 bit - Rhythm = 61753 ms
2,0,0,0,0,67,230,0,777,4095,3480,1,13261,5000,30,242,5,5,125,7,202,0,0 # NADIR: Full Frame (67:230;0:777) - Tint = 5000 ms -16 bit - Rhythm = 20014 ms
2,0,0,0,0,67,230,0,777,4095,3480,1,19933,5000,23,242,5,5,125,7,202,0,0 # NADIR: Full Frame (67:230;0:777) - Tint = 5000 ms -16 bit - Rhythm = 26686 ms
2,0,0,0,0,67,230,0,777,4095,3480,1,33275,5000,15,242,5,5,125,7,202,0,0 # NADIR: Full Frame (67:230;0:777) - Tint = 5000 ms -16 bit - Rhythm = 40028 ms
2,0,0,0,0,67,230,0,777,4095,3480,1,11261,7000,30,242,5,5,125,7,202,0,0 # NADIR: Full Frame (67:230;0:777) - Tint = 7000 ms -16 bit - Rhythm = 20014 ms
2,0,0,0,0,67,230,0,777,4095,3480,1,17933,7000,23,242,5,5,125,7,202,0,0 # NADIR: Full Frame (67:230;0:777) - Tint = 7000 ms -16 bit - Rhythm = 26686 ms
2,0,0,0,0,67,230,0,777,4095,3480,1,31275,7000,15,242,5,5,125,7,202,0,0 # NADIR: Full Frame (67:230;0:777) - Tint = 7000 ms -16 bit - Rhythm = 40028 ms
2,0,0,0,0,67,230,0,777,4095,3480,1,8261,10000,30,242,5,5,125,7,202,0,0 # NADIR: Full Frame (67:230;0:777) - Tint = 10000 ms -16 bit - Rhythm = 20014 ms
2,0,0,0,0,67,230,0,777,4095,3480,1,14933,10000,23,242,5,5,125,7,202,0,0 # NADIR: Full Frame (67:230;0:777) - Tint = 10000 ms -16 bit - Rhythm = 26686 ms
2,0,0,0,0,67,230,0,777,4095,3480,1,28275,10000,15,242,5,5,125,7,202,0,0 # NADIR: Full Frame (67:230;0:777) - Tint = 10000 ms -16 bit - Rhythm = 40028 ms
2,0,0,0,0,67,230,0,777,4095,3480,1,5261,13000,30,242,5,5,125,7,202,0,0 # NADIR: Full Frame (67:230;0:777) - Tint = 13000 ms -16 bit - Rhythm = 20014 ms
2,0,0,0,0,67,230,0,777,4095,3480,1,11933,13000,23,242,5,5,125,7,202,0,0 # NADIR: Full Frame (67:230;0:777) - Tint = 13000 ms -16 bit - Rhythm = 26686 ms
2,0,0,0,0,67,230,0,777,4095,3480,1,25275,13000,15,242,5,5,125,7,202,0,0 # NADIR: Full Frame (67:230;0:777) - Tint = 13000 ms -16 bit - Rhythm = 40028 ms
2,0,0,0,0,67,230,0,777,4095,3480,1,2261,16000,30,242,5,5,125,7,202,0,0 # NADIR: Full Frame (67:230;0:777) - Tint = 16000 ms -16 bit - Rhythm = 20014 ms
2,0,0,0,0,67,230,0,777,4095,3480,1,8933,16000,23,242,5,5,125,7,202,0,0 # NADIR: Full Frame (67:230;0:777) - Tint = 16000 ms -16 bit - Rhythm = 26686 ms
2,0,0,0,0,67,230,0,777,4095,3480,1,22275,16000,15,242,5,5,125,7,202,0,0 # NADIR: Full Frame (67:230;0:777) - Tint = 16000 ms -16 bit - Rhythm = 40028 ms
2,0,0,0,0,67,230,0,777,4095,3480,1,4933,20000,23,242,5,5,125,7,202,0,0 # NADIR: Full Frame (67:230;0:777) - Tint = 20000 ms -16 bit - Rhythm = 26686 ms
2,0,0,0,0,67,230,0,777,4095,3480,1,18275,20000,15,242,5,5,125,7,202,0,0 # NADIR: Full Frame (67:230;0:777) - Tint = 20000 ms -16 bit - Rhythm = 40028 ms
2,0,0,0,0,67,230,0,777,4095,3480,1,35429,20000,11,242,5,5,125,7,202,0,0 # NADIR: Full Frame (67:230;0:777) - Tint = 20000 ms -16 bit - Rhythm = 57182 ms
2,0,0,0,0,67,230,0,777,4095,3480,1,0,30000,19,242,5,5,125,7,202,0,0 # NADIR: Full Frame (67:230;0:777) - Tint = 30000 ms -16 bit - Rhythm = 31753 ms
2,0,0,0,0,67,230,0,777,4095,3480,1,0,45000,13,242,5,5,125,7,202,0,0 # NADIR: Full Frame (67:230;0:777) - Tint = 45000 ms -16 bit - Rhythm = 46753 ms
2,0,0,0,0,67,230,0,777,4095,3480,1,0,60000,10,242,5,5,125,7,202,0,0 # NADIR: Full Frame (67:230;0:777) - Tint = 60000 ms -16 bit - Rhythm = 61753 ms
2,0,0,0,0,67,230,0,548,4095,3480,1,7393,5000,43,242,5,5,125,7,202,0,0 # NADIR: Full Frame (67:230;0:548) - Tint = 5000 ms -16 bit - Rhythm = 14146 ms
2,0,0,0,0,67,230,0,548,4095,3480,1,12108,5000,32,242,5,5,125,7,202,0,0 # NADIR: Full Frame (67:230;0:548) - Tint = 5000 ms -16 bit - Rhythm = 18861 ms
2,0,0,0,0,67,230,0,548,4095,3480,1,21539,5000,22,242,5,5,125,7,202,0,0 # NADIR: Full Frame (67:230;0:548) - Tint = 5000 ms -16 bit - Rhythm = 28292 ms
2,0,0,0,0,67,230,0,548,4095,3480,1,5393,7000,43,242,5,5,125,7,202,0,0 # NADIR: Full Frame (67:230;0:548) - Tint = 7000 ms -16 bit - Rhythm = 14146 ms
2,0,0,0,0,67,230,0,548,4095,3480,1,10108,7000,32,242,5,5,125,7,202,0,0 # NADIR: Full Frame (67:230;0:548) - Tint = 7000 ms -16 bit - Rhythm = 18861 ms
2,0,0,0,0,67,230,0,548,4095,3480,1,19539,7000,22,242,5,5,125,7,202,0,0 # NADIR: Full Frame (67:230;0:548) - Tint = 7000 ms -16 bit - Rhythm = 28292 ms
2,0,0,0,0,67,230,0,548,4095,3480,1,2393,10000,43,242,5,5,125,7,202,0,0 # NADIR: Full Frame (67:230;0:548) - Tint = 10000 ms -16 bit - Rhythm = 14146 ms
2,0,0,0,0,67,230,0,548,4095,3480,1,7108,10000,32,242,5,5,125,7,202,0,0 # NADIR: Full Frame (67:230;0:548) - Tint = 10000 ms -16 bit - Rhythm = 18861 ms
2,0,0,0,0,67,230,0,548,4095,3480,1,16539,10000,22,242,5,5,125,7,202,0,0 # NADIR: Full Frame (67:230;0:548) - Tint = 10000 ms -16 bit - Rhythm = 28292 ms
2,0,0,0,0,67,230,0,548,4095,3480,1,0,13000,41,242,5,5,125,7,202,0,0 # NADIR: Full Frame (67:230;0:548) - Tint = 13000 ms -16 bit - Rhythm = 14753 ms
2,0,0,0,0,67,230,0,548,4095,3480,1,4108,13000,32,242,5,5,125,7,202,0,0 # NADIR: Full Frame (67:230;0:548) - Tint = 13000 ms -16 bit - Rhythm = 18861 ms
2,0,0,0,0,67,230,0,548,4095,3480,1,13539,13000,22,242,5,5,125,7,202,0,0 # NADIR: Full Frame (67:230;0:548) - Tint = 13000 ms -16 bit - Rhythm = 28292 ms
2,0,0,0,0,67,230,0,548,4095,3480,1,1108,16000,32,242,5,5,125,7,202,0,0 # NADIR: Full Frame (67:230;0:548) - Tint = 16000 ms -16 bit - Rhythm = 18861 ms
2,0,0,0,0,67,230,0,548,4095,3480,1,10539,16000,22,242,5,5,125,7,202,0,0 # NADIR: Full Frame (67:230;0:548) - Tint = 16000 ms -16 bit - Rhythm = 28292 ms
2,0,0,0,0,67,230,0,548,4095,3480,1,38830,16000,11,242,5,5,125,7,202,0,0 # NADIR: Full Frame (67:230;0:548) - Tint = 16000 ms -16 bit - Rhythm = 56583 ms
2,0,0,0,0,67,230,0,548,4095,3480,1,0,20000,28,242,5,5,125,7,202,0,0 # NADIR: Full Frame (67:230;0:548) - Tint = 20000 ms -16 bit - Rhythm = 21753 ms
2,0,0,0,0,67,230,0,548,4095,3480,1,13611,20000,17,242,5,5,125,7,202,0,0 # NADIR: Full Frame (67:230;0:548) - Tint = 20000 ms -16 bit - Rhythm = 35364 ms
2,0,0,0,0,67,230,0,548,4095,3480,1,34830,20000,11,242,5,5,125,7,202,0,0 # NADIR: Full Frame (67:230;0:548) - Tint = 20000 ms -16 bit - Rhythm = 56583 ms
2,0,0,0,0,67,230,0,548,4095,3480,1,0,30000,19,242,5,5,125,7,202,0,0 # NADIR: Full Frame (67:230;0:548) - Tint = 30000 ms -16 bit - Rhythm = 31753 ms
2,0,0,0,0,67,230,0,548,4095,3480,1,0,45000,13,242,5,5,125,7,202,0,0 # NADIR: Full Frame (67:230;0:548) - Tint = 45000 ms -16 bit - Rhythm = 46753 ms
2,0,0,0,0,67,230,0,548,4095,3480,1,0,60000,10,242,5,5,125,7,202,0,0 # NADIR: Full Frame (67:230;0:548) - Tint = 60000 ms -16 bit - Rhythm = 61753 ms
2,0,0,0,0,67,230,0,327,4095,3480,1,4558,5000,54,242,5,5,125,7,202,0,0 # NADIR: Full Frame (67:230;0:327) - Tint = 5000 ms -16 bit - Rhythm = 11311 ms
2,0,0,0,0,67,230,0,327,4095,3480,1,10212,5000,36,242,5,5,125,7,202,0,0 # NADIR: Full Frame (67:230;0:327) - Tint = 5000 ms -16 bit - Rhythm = 16965 ms
2,0,0,0,0,67,230,0,327,4095,3480,1,17483,5000,25,242,5,5,125,7,202,0,0 # NADIR: Full Frame (67:230;0:327) - Tint = 5000 ms -16 bit - Rhythm = 24236 ms
2,0,0,0,0,67,230,0,327,4095,3480,1,49797,5000,11,242,5,5,125,7,202,0,0 # NADIR: Full Frame (67:230;0:327) - Tint = 5000 ms -16 bit - Rhythm = 56550 ms
2,0,0,0,0,67,230,0,327,4095,3480,1,2558,7000,54,242,5,5,125,7,202,0,0 # NADIR: Full Frame (67:230;0:327) - Tint = 7000 ms -16 bit - Rhythm = 11311 ms
2,0,0,0,0,67,230,0,327,4095,3480,1,8212,7000,36,242,5,5,125,7,202,0,0 # NADIR: Full Frame (67:230;0:327) - Tint = 7000 ms -16 bit - Rhythm = 16965 ms
2,0,0,0,0,67,230,0,327,4095,3480,1,15483,7000,25,242,5,5,125,7,202,0,0 # NADIR: Full Frame (67:230;0:327) - Tint = 7000 ms -16 bit - Rhythm = 24236 ms
2,0,0,0,0,67,230,0,327,4095,3480,1,47797,7000,11,242,5,5,125,7,202,0,0 # NADIR: Full Frame (67:230;0:327) - Tint = 7000 ms -16 bit - Rhythm = 56550 ms
2,0,0,0,0,67,230,0,327,4095,3480,1,5212,10000,36,242,5,5,125,7,202,0,0 # NADIR: Full Frame (67:230;0:327) - Tint = 10000 ms -16 bit - Rhythm = 16965 ms
2,0,0,0,0,67,230,0,327,4095,3480,1,22177,10000,18,242,5,5,125,7,202,0,0 # NADIR: Full Frame (67:230;0:327) - Tint = 10000 ms -16 bit - Rhythm = 33930 ms
2,0,0,0,0,67,230,0,327,4095,3480,1,44797,10000,11,242,5,5,125,7,202,0,0 # NADIR: Full Frame (67:230;0:327) - Tint = 10000 ms -16 bit - Rhythm = 56550 ms
2,0,0,0,0,67,230,0,327,4095,3480,1,212,15000,36,242,5,5,125,7,202,0,0 # NADIR: Full Frame (67:230;0:327) - Tint = 15000 ms -16 bit - Rhythm = 16965 ms
2,0,0,0,0,67,230,0,327,4095,3480,1,17177,15000,18,242,5,5,125,7,202,0,0 # NADIR: Full Frame (67:230;0:327) - Tint = 15000 ms -16 bit - Rhythm = 33930 ms
2,0,0,0,0,67,230,0,327,4095,3480,1,39797,15000,11,242,5,5,125,7,202,0,0 # NADIR: Full Frame (67:230;0:327) - Tint = 15000 ms -16 bit - Rhythm = 56550 ms
2,0,0,0,0,67,230,0,327,4095,3480,1,0,20000,28,242,5,5,125,7,202,0,0 # NADIR: Full Frame (67:230;0:327) - Tint = 20000 ms -16 bit - Rhythm = 21753 ms
2,0,0,0,0,67,230,0,327,4095,3480,1,12177,20000,18,242,5,5,125,7,202,0,0 # NADIR: Full Frame (67:230;0:327) - Tint = 20000 ms -16 bit - Rhythm = 33930 ms
2,0,0,0,0,67,230,0,327,4095,3480,1,34797,20000,11,242,5,5,125,7,202,0,0 # NADIR: Full Frame (67:230;0:327) - Tint = 20000 ms -16 bit - Rhythm = 56550 ms
2,0,0,0,0,67,230,0,327,4095,3480,1,2177,30000,18,242,5,5,125,7,202,0,0 # NADIR: Full Frame (67:230;0:327) - Tint = 30000 ms -16 bit - Rhythm = 33930 ms
2,0,0,0,0,67,230,0,327,4095,3480,1,0,30000,19,242,5,5,125,7,202,0,0 # NADIR: Full Frame (67:230;0:327) - Tint = 30000 ms -16 bit - Rhythm = 31753 ms
2,0,0,0,0,67,230,0,327,4095,3480,1,0,45000,13,242,5,5,125,7,202,0,0 # NADIR: Full Frame (67:230;0:327) - Tint = 45000 ms -16 bit - Rhythm = 46753 ms
2,0,0,0,0,67,230,0,327,4095,3480,1,0,60000,10,242,5,5,125,7,202,0,0 # NADIR: Full Frame (67:230;0:327) - Tint = 60000 ms -16 bit - Rhythm = 61753 ms
2,2,0,0,0,67,230,0,1047,4095,3480,1,0,7500,65,242,5,5,125,7,74,7,0 # NADIR: Horizontal Bin (67:230;0:1047)-Tint = 7500 ms -20 bit - Rhythm = 9253 ms
2,2,0,0,0,67,230,0,1047,4095,3480,1,102,7500,65,242,5,5,125,7,74,7,0 # NADIR: Horizontal Bin (67:230;0:1047)-Tint = 7500 ms -20 bit - Rhythm = 9355 ms
2,2,0,0,0,67,230,0,1047,4095,3480,1,0,10000,52,242,5,5,125,7,74,7,0 # NADIR: Horizontal Bin (67:230;0:1047)-Tint = 10000 ms -20 bit - Rhythm = 11753 ms
2,2,0,0,0,67,230,0,1047,4095,3480,1,2280,10000,43,242,5,5,125,7,74,7,0 # NADIR: Horizontal Bin (67:230;0:1047)-Tint = 10000 ms -20 bit - Rhythm = 14033 ms
2,2,0,0,0,67,230,0,1047,4095,3480,1,0,13000,41,242,5,5,125,7,74,7,0 # NADIR: Horizontal Bin (67:230;0:1047)-Tint = 13000 ms -20 bit - Rhythm = 14753 ms
2,2,0,0,0,67,230,0,1047,4095,3480,1,2086,13000,36,242,5,5,125,7,74,7,0 # NADIR: Horizontal Bin (67:230;0:1047)-Tint = 13000 ms -20 bit - Rhythm = 16839 ms
2,2,0,0,0,67,230,0,1047,4095,3480,1,0,16000,34,242,5,5,125,7,74,7,0 # NADIR: Horizontal Bin (67:230;0:1047)-Tint = 16000 ms -20 bit - Rhythm = 17753 ms
2,2,0,0,0,67,230,0,1047,4095,3480,1,3295,16000,29,242,5,5,125,7,74,7,0 # NADIR: Horizontal Bin (67:230;0:1047)-Tint = 16000 ms -20 bit - Rhythm = 21048 ms
2,2,0,0,0,67,230,0,1047,4095,3480,1,0,20000,28,242,5,5,125,7,74,7,0 # NADIR: Horizontal Bin (67:230;0:1047)-Tint = 20000 ms -20 bit - Rhythm = 21753 ms
2,2,0,0,0,67,230,0,1047,4095,3480,1,0,30000,19,242,5,5,125,7,74,7,0 # NADIR: Horizontal Bin (67:230;0:1047)-Tint = 30000 ms -20 bit - Rhythm = 31753 ms
2,2,0,0,0,67,230,0,1047,4095,3480,1,0,7500,65,242,5,5,125,7,74,15,0 # NADIR: Horizontal Bin (67:230;0:1047)-Tint = 7500 ms -20 bit - Rhythm = 9253 ms
2,2,0,0,0,67,230,0,1047,4095,3480,1,4803,7500,43,242,5,5,125,7,74,15,0 # NADIR: Horizontal Bin (67:230;0:1047)-Tint = 7500 ms -20 bit - Rhythm = 14056 ms
2,2,0,0,0,67,230,0,1047,4095,3480,1,0,10000,52,242,5,5,125,7,74,15,0 # NADIR: Horizontal Bin (67:230;0:1047)-Tint = 10000 ms -20 bit - Rhythm = 11753 ms
2,2,0,0,0,67,230,0,1047,4095,3480,1,5817,10000,35,242,5,5,125,7,74,15,0 # NADIR: Horizontal Bin (67:230;0:1047)-Tint = 10000 ms -20 bit - Rhythm = 17570 ms
2,2,0,0,0,67,230,0,1047,4095,3480,1,0,13000,41,242,5,5,125,7,74,15,0 # NADIR: Horizontal Bin (67:230;0:1047)-Tint = 13000 ms -20 bit - Rhythm = 14753 ms
2,2,0,0,0,67,230,0,1047,4095,3480,1,6331,13000,29,242,5,5,125,7,74,15,0 # NADIR: Horizontal Bin (67:230;0:1047)-Tint = 13000 ms -20 bit - Rhythm = 21084 ms
2,2,0,0,0,67,230,0,1047,4095,3480,1,0,16000,34,242,5,5,125,7,74,15,0 # NADIR: Horizontal Bin (67:230;0:1047)-Tint = 16000 ms -20 bit - Rhythm = 17753 ms
2,2,0,0,0,67,230,0,1047,4095,3480,1,3331,16000,29,242,5,5,125,7,74,15,0 # NADIR: Horizontal Bin (67:230;0:1047)-Tint = 16000 ms -20 bit - Rhythm = 21084 ms
2,2,0,0,0,67,230,0,1047,4095,3480,1,0,20000,28,242,5,5,125,7,74,15,0 # NADIR: Horizontal Bin (67:230;0:1047)-Tint = 20000 ms -20 bit - Rhythm = 21753 ms
2,2,0,0,0,67,230,0,1047,4095,3480,1,0,30000,19,242,5,5,125,7,74,15,0 # NADIR: Horizontal Bin (67:230;0:1047)-Tint = 30000 ms -20 bit - Rhythm = 31753 ms
2,2,0,0,0,67,230,0,777,4095,3480,1,0,7500,65,242,5,5,125,7,74,3,0 # NADIR: Horizontal Bin (67:230;0:777)-Tint = 7500 ms -20 bit - Rhythm = 9253 ms
2,2,0,0,0,67,230,0,777,4095,3480,1,8596,7500,34,242,5,5,125,7,74,3,0 # NADIR: Horizontal Bin (67:230;0:777)-Tint = 7500 ms -20 bit - Rhythm = 17849 ms
2,2,0,0,0,67,230,0,777,4095,3480,1,0,10000,52,242,5,5,125,7,74,3,0 # NADIR: Horizontal Bin (67:230;0:777)-Tint = 10000 ms -20 bit - Rhythm = 11753 ms
2,2,0,0,0,67,230,0,777,4095,3480,1,6096,10000,34,242,5,5,125,7,74,3,0 # NADIR: Horizontal Bin (67:230;0:777)-Tint = 10000 ms -20 bit - Rhythm = 17849 ms
2,2,0,0,0,67,230,0,777,4095,3480,1,0,13000,41,242,5,5,125,7,74,3,0 # NADIR: Horizontal Bin (67:230;0:777)-Tint = 13000 ms -20 bit - Rhythm = 14753 ms
2,2,0,0,0,67,230,0,777,4095,3480,1,16481,13000,20,242,5,5,125,7,74,3,0 # NADIR: Horizontal Bin (67:230;0:777)-Tint = 13000 ms -20 bit - Rhythm = 31234 ms
2,2,0,0,0,67,230,0,777,4095,3480,1,0,16000,34,242,5,5,125,7,74,3,0 # NADIR: Horizontal Bin (67:230;0:777)-Tint = 16000 ms -20 bit - Rhythm = 17753 ms
2,2,0,0,0,67,230,0,777,4095,3480,1,7235,16000,25,242,5,5,125,7,74,3,0 # NADIR: Horizontal Bin (67:230;0:777)-Tint = 16000 ms -20 bit - Rhythm = 24988 ms
2,2,0,0,0,67,230,0,777,4095,3480,1,0,20000,28,242,5,5,125,7,74,3,0 # NADIR: Horizontal Bin (67:230;0:777)-Tint = 20000 ms -20 bit - Rhythm = 21753 ms
2,2,0,0,0,67,230,0,777,4095,3480,1,0,7500,65,242,5,5,125,7,74,7,0 # NADIR: Horizontal Bin (67:230;0:777)-Tint = 7500 ms -20 bit - Rhythm = 9253 ms
2,2,0,0,0,67,230,0,777,4095,3480,1,6414,7500,39,242,5,5,125,7,74,7,0 # NADIR: Horizontal Bin (67:230;0:777)-Tint = 7500 ms -20 bit - Rhythm = 15667 ms
2,2,0,0,0,67,230,0,777,4095,3480,1,0,10000,52,242,5,5,125,7,74,7,0 # NADIR: Horizontal Bin (67:230;0:777)-Tint = 10000 ms -20 bit - Rhythm = 11753 ms
2,2,0,0,0,67,230,0,777,4095,3480,1,9136,10000,29,242,5,5,125,7,74,7,0 # NADIR: Horizontal Bin (67:230;0:777)-Tint = 10000 ms -20 bit - Rhythm = 20889 ms
2,2,0,0,0,67,230,0,777,4095,3480,1,0,13000,41,242,5,5,125,7,74,7,0 # NADIR: Horizontal Bin (67:230;0:777)-Tint = 13000 ms -20 bit - Rhythm = 14753 ms
2,2,0,0,0,67,230,0,777,4095,3480,1,11358,13000,23,242,5,5,125,7,74,7,0 # NADIR: Horizontal Bin (67:230;0:777)-Tint = 13000 ms -20 bit - Rhythm = 26111 ms
2,2,0,0,0,67,230,0,777,4095,3480,1,0,16000,34,242,5,5,125,7,74,7,0 # NADIR: Horizontal Bin (67:230;0:777)-Tint = 16000 ms -20 bit - Rhythm = 17753 ms
2,2,0,0,0,67,230,0,777,4095,3480,1,8358,16000,23,242,5,5,125,7,74,7,0 # NADIR: Horizontal Bin (67:230;0:777)-Tint = 16000 ms -20 bit - Rhythm = 26111 ms
2,2,0,0,0,67,230,0,777,4095,3480,1,0,20000,28,242,5,5,125,7,74,7,0 # NADIR: Horizontal Bin (67:230;0:777)-Tint = 20000 ms -20 bit - Rhythm = 21753 ms
2,2,0,0,0,67,230,0,777,4095,3480,1,0,30000,19,242,5,5,125,7,74,7,0 # NADIR: Horizontal Bin (67:230;0:777)-Tint = 30000 ms -20 bit - Rhythm = 31753 ms
2,2,0,0,0,67,230,0,777,4095,3480,1,0,7500,65,242,5,5,125,7,74,15,0 # NADIR: Horizontal Bin (67:230;0:777)-Tint = 7500 ms -20 bit - Rhythm = 9253 ms
2,2,0,0,0,67,230,0,777,4095,3480,1,10375,7500,31,242,5,5,125,7,74,15,0 # NADIR: Horizontal Bin (67:230;0:777)-Tint = 7500 ms -20 bit - Rhythm = 19628 ms
2,2,0,0,0,67,230,0,777,4095,3480,1,0,10000,52,242,5,5,125,7,74,15,0 # NADIR: Horizontal Bin (67:230;0:777)-Tint = 10000 ms -20 bit - Rhythm = 11753 ms
2,2,0,0,0,67,230,0,777,4095,3480,1,7875,10000,31,242,5,5,125,7,74,15,0 # NADIR: Horizontal Bin (67:230;0:777)-Tint = 10000 ms -20 bit - Rhythm = 19628 ms
2,2,0,0,0,67,230,0,777,4095,3480,1,0,13000,41,242,5,5,125,7,74,15,0 # NADIR: Horizontal Bin (67:230;0:777)-Tint = 13000 ms -20 bit - Rhythm = 14753 ms
2,2,0,0,0,67,230,0,777,4095,3480,1,11417,13000,23,242,5,5,125,7,74,15,0 # NADIR: Horizontal Bin (67:230;0:777)-Tint = 13000 ms -20 bit - Rhythm = 26170 ms
2,2,0,0,0,67,230,0,777,4095,3480,1,0,16000,34,242,5,5,125,7,74,15,0 # NADIR: Horizontal Bin (67:230;0:777)-Tint = 16000 ms -20 bit - Rhythm = 17753 ms
2,2,0,0,0,67,230,0,777,4095,3480,1,8417,16000,23,242,5,5,125,7,74,15,0 # NADIR: Horizontal Bin (67:230;0:777)-Tint = 16000 ms -20 bit - Rhythm = 26170 ms
2,2,0,0,0,67,230,0,777,4095,3480,1,0,20000,28,242,5,5,125,7,74,15,0 # NADIR: Horizontal Bin (67:230;0:777)-Tint = 20000 ms -20 bit - Rhythm = 21753 ms
2,2,0,0,0,67,230,0,777,4095,3480,1,0,30000,19,242,5,5,125,7,74,15,0 # NADIR: Horizontal Bin (67:230;0:777)-Tint = 30000 ms -20 bit - Rhythm = 31753 ms
2,2,0,0,0,67,230,0,548,4095,3480,1,0,7000,69,242,5,5,125,7,74,3,0 # NADIR: Horizontal Bin (67:230;0:548)-Tint = 7000 ms -20 bit - Rhythm = 8753 ms
2,2,0,0,0,67,230,0,548,4095,3480,1,5963,7000,41,242,5,5,125,7,74,3,0 # NADIR: Horizontal Bin (67:230;0:548)-Tint = 7000 ms -20 bit - Rhythm = 14716 ms
2,2,0,0,0,67,230,0,548,4095,3480,1,20678,7000,21,242,5,5,125,7,74,3,0 # NADIR: Horizontal Bin (67:230;0:548)-Tint = 7000 ms -20 bit - Rhythm = 29431 ms
2,2,0,0,0,67,230,0,548,4095,3480,1,0,10000,52,242,5,5,125,7,74,3,0 # NADIR: Horizontal Bin (67:230;0:548)-Tint = 10000 ms -20 bit - Rhythm = 11753 ms
2,2,0,0,0,67,230,0,548,4095,3480,1,5906,10000,34,242,5,5,125,7,74,3,0 # NADIR: Horizontal Bin (67:230;0:548)-Tint = 10000 ms -20 bit - Rhythm = 17659 ms
2,2,0,0,0,67,230,0,548,4095,3480,1,17678,10000,21,242,5,5,125,7,74,3,0 # NADIR: Horizontal Bin (67:230;0:548)-Tint = 10000 ms -20 bit - Rhythm = 29431 ms
2,2,0,0,0,67,230,0,548,4095,3480,1,0,15000,36,242,5,5,125,7,74,3,0 # NADIR: Horizontal Bin (67:230;0:548)-Tint = 15000 ms -20 bit - Rhythm = 16753 ms
2,2,0,0,0,67,230,0,548,4095,3480,1,17206,15000,18,242,5,5,125,7,74,3,0 # NADIR: Horizontal Bin (67:230;0:548)-Tint = 15000 ms -20 bit - Rhythm = 33959 ms
2,2,0,0,0,67,230,0,548,4095,3480,1,0,20000,28,242,5,5,125,7,74,3,0 # NADIR: Horizontal Bin (67:230;0:548)-Tint = 20000 ms -20 bit - Rhythm = 21753 ms
2,2,0,0,0,67,230,0,548,4095,3480,1,22393,20000,14,242,5,5,125,7,74,3,0 # NADIR: Horizontal Bin (67:230;0:548)-Tint = 20000 ms -20 bit - Rhythm = 44146 ms
2,2,0,0,0,67,230,0,548,4095,3480,1,0,30000,19,242,5,5,125,7,74,3,0 # NADIR: Horizontal Bin (67:230;0:548)-Tint = 30000 ms -20 bit - Rhythm = 31753 ms
2,2,0,0,0,67,230,0,548,4095,3480,1,0,7500,65,242,5,5,125,7,74,7,0 # NADIR: Horizontal Bin (67:230;0:548)-Tint = 7500 ms -20 bit - Rhythm = 9253 ms
2,2,0,0,0,67,230,0,548,4095,3480,1,9171,7500,33,242,5,5,125,7,74,7,0 # NADIR: Horizontal Bin (67:230;0:548)-Tint = 7500 ms -20 bit - Rhythm = 18424 ms
2,2,0,0,0,67,230,0,548,4095,3480,1,0,15000,36,242,5,5,125,7,74,7,0 # NADIR: Horizontal Bin (67:230;0:548)-Tint = 15000 ms -20 bit - Rhythm = 16753 ms
2,2,0,0,0,67,230,0,548,4095,3480,1,0,20000,28,242,5,5,125,7,74,7,0 # NADIR: Horizontal Bin (67:230;0:548)-Tint = 20000 ms -20 bit - Rhythm = 21753 ms
2,2,0,0,0,67,230,0,548,4095,3480,1,0,30000,19,242,5,5,125,7,74,7,0 # NADIR: Horizontal Bin (67:230;0:548)-Tint = 30000 ms -20 bit - Rhythm = 31753 ms
2,2,0,0,0,67,230,0,548,4095,3480,1,0,7500,65,242,5,5,125,7,74,15,0 # NADIR: Horizontal Bin (67:230;0:548)-Tint = 7500 ms -20 bit - Rhythm = 9253 ms
2,2,0,0,0,67,230,0,548,4095,3480,1,0,15000,36,242,5,5,125,7,74,15,0 # NADIR: Horizontal Bin (67:230;0:548)-Tint = 15000 ms -20 bit - Rhythm = 16753 ms
2,2,0,0,0,67,230,0,548,4095,3480,1,0,20000,28,242,5,5,125,7,74,15,0 # NADIR: Horizontal Bin (67:230;0:548)-Tint = 20000 ms -20 bit - Rhythm = 21753 ms
2,2,0,0,0,67,230,0,548,4095,3480,1,0,30000,19,242,5,5,125,7,74,15,0 # NADIR: Horizontal Bin (67:230;0:548)-Tint = 30000 ms -20 bit - Rhythm = 31753 ms
2,2,0,0,0,67,230,0,327,4095,3480,1,0,15000,36,242,5,5,125,7,74,1,0 # NADIR: Horizontal Bin (67:230;0:327)-Tint = 15000 ms -20 bit - Rhythm = 16753 ms
2,2,0,0,0,67,230,0,327,4095,3480,1,18316,15000,18,242,5,5,125,7,74,1,0 # NADIR: Horizontal Bin (67:230;0:327)-Tint = 15000 ms -20 bit - Rhythm = 35069 ms
2,2,0,0,0,67,230,0,327,4095,3480,1,0,20000,28,242,5,5,125,7,74,1,0 # NADIR: Horizontal Bin (67:230;0:327)-Tint = 20000 ms -20 bit - Rhythm = 21753 ms
2,2,0,0,0,67,230,0,327,4095,3480,1,0,30000,19,242,5,5,125,7,74,1,0 # NADIR: Horizontal Bin (67:230;0:327)-Tint = 30000 ms -20 bit - Rhythm = 31753 ms
2,2,0,0,0,67,230,0,327,4095,3480,1,0,7500,65,242,5,5,125,7,74,3,0 # NADIR: Horizontal Bin (67:230;0:327)-Tint = 7500 ms -20 bit - Rhythm = 9253 ms
2,2,0,0,0,67,230,0,327,4095,3480,1,9559,7500,32,242,5,5,125,7,74,3,0 # NADIR: Horizontal Bin (67:230;0:327)-Tint = 7500 ms -20 bit - Rhythm = 18812 ms
2,2,0,0,0,67,230,0,327,4095,3480,1,0,15000,36,242,5,5,125,7,74,3,0 # NADIR: Horizontal Bin (67:230;0:327)-Tint = 15000 ms -20 bit - Rhythm = 16753 ms
2,2,0,0,0,67,230,0,327,4095,3480,1,16168,15000,19,242,5,5,125,7,74,3,0 # NADIR: Horizontal Bin (67:230;0:327)-Tint = 15000 ms -20 bit - Rhythm = 32921 ms
2,2,0,0,0,67,230,0,327,4095,3480,1,0,20000,28,242,5,5,125,7,74,3,0 # NADIR: Horizontal Bin (67:230;0:327)-Tint = 20000 ms -20 bit - Rhythm = 21753 ms
2,2,0,0,0,67,230,0,327,4095,3480,1,22141,20000,14,242,5,5,125,7,74,3,0 # NADIR: Horizontal Bin (67:230;0:327)-Tint = 20000 ms -20 bit - Rhythm = 43894 ms
2,2,0,0,0,67,230,0,327,4095,3480,1,0,30000,19,242,5,5,125,7,74,3,0 # NADIR: Horizontal Bin (67:230;0:327)-Tint = 30000 ms -20 bit - Rhythm = 31753 ms
2,2,0,0,0,67,230,0,327,4095,3480,1,0,15000,36,242,5,5,125,7,74,7,0 # NADIR: Horizontal Bin (67:230;0:327)-Tint = 15000 ms -20 bit - Rhythm = 16753 ms
2,2,0,0,0,67,230,0,327,4095,3480,1,16416,15000,19,242,5,5,125,7,74,7,0 # NADIR: Horizontal Bin (67:230;0:327)-Tint = 15000 ms -20 bit - Rhythm = 33169 ms
2,2,0,0,0,67,230,0,327,4095,3480,1,0,20000,28,242,5,5,125,7,74,7,0 # NADIR: Horizontal Bin (67:230;0:327)-Tint = 20000 ms -20 bit - Rhythm = 21753 ms
2,2,0,0,0,67,230,0,327,4095,3480,1,0,30000,19,242,5,5,125,7,74,7,0 # NADIR: Horizontal Bin (67:230;0:327)-Tint = 30000 ms -20 bit - Rhythm = 31753 ms
2,2,0,0,0,67,230,0,327,4095,3480,1,0,15000,36,242,5,5,125,7,74,15,0 # NADIR: Horizontal Bin (67:230;0:327)-Tint = 15000 ms -20 bit - Rhythm = 16753 ms
2,2,0,0,0,67,230,0,327,4095,3480,1,0,20000,28,242,5,5,125,7,74,15,0 # NADIR: Horizontal Bin (67:230;0:327)-Tint = 20000 ms -20 bit - Rhythm = 21753 ms
2,2,0,0,0,67,230,0,327,4095,3480,1,0,30000,19,242,5,5,125,7,74,15,0 # NADIR: Horizontal Bin (67:230;0:327)-Tint = 30000 ms -20 bit - Rhythm = 31753 ms
2,2,0,0,0,67,230,0,327,4095,3480,1,0,45000,13,242,5,5,125,7,74,15,0 # NADIR: Horizontal Bin (67:230;0:327)-Tint = 45000 ms -20 bit - Rhythm = 46753 ms
2,0,0,0,0,67,230,0,1047,4095,3480,1,20180,5000,65535,242,0,0,125,7,138,0,0 # NADIR: Full Frame (67:230;0:1047) - Tint = 5000 ms -16 bit - Rhythm = 26933 ms
2,0,0,0,0,67,230,0,1047,4095,3480,1,37112,15000,65535,242,0,0,125,7,138,0,0 # NADIR: Full Frame (67:230;0:1047) - Tint = 15000 ms -16 bit - Rhythm = 53865 ms
2,0,0,0,0,67,230,0,1047,4095,3480,1,65535,15000,65535,242,0,0,125,7,138,0,0 # NADIR: Full Frame (67:230;0:1047) - Tint = 15000 ms -16 bit - Rhythm = 82288 ms
2,0,0,0,0,67,230,0,777,4095,3480,1,13261,5000,65535,242,0,0,125,7,138,0,0 # NADIR: Full Frame (67:230;0:777) - Tint = 5000 ms -16 bit - Rhythm = 20014 ms
2,0,0,0,0,67,230,0,777,4095,3480,1,23275,15000,65535,242,0,0,125,7,138,0,0 # NADIR: Full Frame (67:230;0:777) - Tint = 15000 ms -16 bit - Rhythm = 40028 ms
2,0,0,0,0,67,230,0,777,4095,3480,1,63302,15000,65535,242,0,0,125,7,138,0,0 # NADIR: Full Frame (67:230;0:777) - Tint = 15000 ms -16 bit - Rhythm = 80055 ms
2,0,0,0,0,67,230,0,548,4095,3480,1,7393,5000,65535,242,0,0,125,7,138,0,0 # NADIR: Full Frame (67:230;0:548) - Tint = 5000 ms -16 bit - Rhythm = 14146 ms
2,0,0,0,0,67,230,0,548,4095,3480,1,11539,15000,65535,242,0,0,125,7,138,0,0 # NADIR: Full Frame (67:230;0:548) - Tint = 15000 ms -16 bit - Rhythm = 28292 ms
2,0,0,0,0,67,230,0,548,4095,3480,1,39830,15000,65535,242,0,0,125,7,138,0,0 # NADIR: Full Frame (67:230;0:548) - Tint = 15000 ms -16 bit - Rhythm = 56583 ms
2,0,0,0,0,67,230,0,327,4095,3480,1,1730,5000,65535,242,0,0,125,7,138,0,0 # NADIR: Full Frame (67:230;0:327) - Tint = 5000 ms -16 bit - Rhythm = 8483 ms
2,0,0,0,0,67,230,0,327,4095,3480,1,212,15000,65535,242,0,0,125,7,138,0,0 # NADIR: Full Frame (67:230;0:327) - Tint = 15000 ms -16 bit - Rhythm = 16965 ms
2,0,0,0,0,67,230,0,327,4095,3480,1,17177,15000,65535,242,0,0,125,7,138,0,0 # NADIR: Full Frame (67:230;0:327) - Tint = 15000 ms -16 bit - Rhythm = 33930 ms
2,2,0,0,0,67,230,0,1047,4095,3480,1,0,15000,65535,242,0,0,125,7,10,3,0 # NADIR: Horizontal Bin (67:230;0:1047)-Tint = 15000 ms -20 bit - Rhythm = 16753 ms
2,2,0,0,0,67,230,0,1047,4095,3480,1,0,15000,65535,242,0,0,125,7,10,15,0 # NADIR: Horizontal Bin (67:230;0:1047)-Tint = 15000 ms -20 bit - Rhythm = 16753 ms
2,1,0,0,0,97,224,0,1047,4095,3480,1,626,3000,121,242,5,5,125,7,74,0,0 # NADIR: Vertical Bin (97:224;0:1047) -Tint = 3000 ms -20 bit - Rhythm = 5000 ms
2,1,0,0,0,97,224,0,1047,4095,3480,1,3126,3000,81,242,5,5,125,7,74,0,0 # NADIR: Vertical Bin (97:224;0:1047) -Tint = 3000 ms -20 bit - Rhythm = 7500 ms
2,1,0,0,0,97,224,0,1047,4095,3480,1,10626,3000,41,242,5,5,125,7,74,0,0 # NADIR: Vertical Bin (97:224;0:1047) -Tint = 3000 ms -20 bit - Rhythm = 15000 ms
2,1,0,0,0,97,224,0,1047,4095,3480,1,1126,5000,81,242,5,5,125,7,74,0,0 # NADIR: Vertical Bin (97:224;0:1047) -Tint = 5000 ms -20 bit - Rhythm = 7500 ms
2,1,0,0,0,97,224,0,1047,4095,3480,1,8626,5000,41,242,5,5,125,7,74,0,0 # NADIR: Vertical Bin (97:224;0:1047) -Tint = 5000 ms -20 bit - Rhythm = 15000 ms
2,1,0,0,0,97,224,0,1047,4095,3480,1,0,7000,72,242,5,5,125,7,74,0,0 # NADIR: Vertical Bin (97:224;0:1047) -Tint = 7000 ms -20 bit - Rhythm = 8374 ms
2,1,0,0,0,97,224,0,1047,4095,3480,1,6626,7000,41,242,5,5,125,7,74,0,0 # NADIR: Vertical Bin (97:224;0:1047) -Tint = 7000 ms -20 bit - Rhythm = 15000 ms
2,1,0,0,0,97,224,0,1047,4095,3480,1,0,10000,53,242,5,5,125,7,74,0,0 # NADIR: Vertical Bin (97:224;0:1047) -Tint = 10000 ms -20 bit - Rhythm = 11374 ms
2,1,0,0,0,97,224,0,1047,4095,3480,1,3626,10000,41,242,5,5,125,7,74,0,0 # NADIR: Vertical Bin (97:224;0:1047) -Tint = 10000 ms -20 bit - Rhythm = 15000 ms
2,1,0,0,0,97,224,0,1047,4095,3480,1,626,13000,41,242,5,5,125,7,74,0,0 # NADIR: Vertical Bin (97:224;0:1047) -Tint = 13000 ms -20 bit - Rhythm = 15000 ms
2,1,0,0,0,97,224,0,1047,4095,3480,1,0,16000,35,242,5,5,125,7,74,0,0 # NADIR: Vertical Bin (97:224;0:1047) -Tint = 16000 ms -20 bit - Rhythm = 17374 ms
2,1,0,0,0,97,224,0,1047,4095,3480,1,0,20000,29,242,5,5,125,7,74,0,0 # NADIR: Vertical Bin (97:224;0:1047) -Tint = 20000 ms -20 bit - Rhythm = 21374 ms
2,1,0,0,0,97,224,0,1047,4095,3480,1,0,30000,20,242,5,5,125,7,74,0,0 # NADIR: Vertical Bin (97:224;0:1047) -Tint = 30000 ms -20 bit - Rhythm = 31374 ms
2,1,0,0,0,97,224,0,1047,4095,3480,1,0,45000,13,242,5,5,125,7,74,0,0 # NADIR: Vertical Bin (97:224;0:1047) -Tint = 45000 ms -20 bit - Rhythm = 46374 ms
2,1,0,0,0,97,224,0,1047,4095,3480,1,0,60000,10,242,5,5,125,7,74,0,0 # NADIR: Vertical Bin (97:224;0:1047) -Tint = 60000 ms -20 bit - Rhythm = 61374 ms
2,1,0,0,0,97,224,0,327,4095,3480,1,626,3000,121,242,5,5,125,7,74,0,0 # NADIR: Vertical Bin (97:224;0:327) -Tint = 3000 ms -20 bit - Rhythm = 5000 ms
2,1,0,0,0,97,224,0,327,4095,3480,1,3126,3000,81,242,5,5,125,7,74,0,0 # NADIR: Vertical Bin (97:224;0:327) -Tint = 3000 ms -20 bit - Rhythm = 7500 ms
2,1,0,0,0,97,224,0,327,4095,3480,1,10626,3000,41,242,5,5,125,7,74,0,0 # NADIR: Vertical Bin (97:224;0:327) -Tint = 3000 ms -20 bit - Rhythm = 15000 ms
2,1,0,0,0,97,224,0,327,4095,3480,1,1126,5000,81,242,5,5,125,7,74,0,0 # NADIR: Vertical Bin (97:224;0:327) -Tint = 5000 ms -20 bit - Rhythm = 7500 ms
2,1,0,0,0,97,224,0,327,4095,3480,1,8626,5000,41,242,5,5,125,7,74,0,0 # NADIR: Vertical Bin (97:224;0:327) -Tint = 5000 ms -20 bit - Rhythm = 15000 ms
2,1,0,0,0,97,224,0,327,4095,3480,1,0,7000,72,242,5,5,125,7,74,0,0 # NADIR: Vertical Bin (97:224;0:327) -Tint = 7000 ms -20 bit - Rhythm = 8374 ms
2,1,0,0,0,97,224,0,327,4095,3480,1,6626,7000,41,242,5,5,125,7,74,0,0 # NADIR: Vertical Bin (97:224;0:327) -Tint = 7000 ms -20 bit - Rhythm = 15000 ms
2,1,0,0,0,97,224,0,327,4095,3480,1,0,10000,53,242,5,5,125,7,74,0,0 # NADIR: Vertical Bin (97:224;0:327) -Tint = 10000 ms -20 bit - Rhythm = 11374 ms
2,1,0,0,0,97,224,0,327,4095,3480,1,3626,10000,41,242,5,5,125,7,74,0,0 # NADIR: Vertical Bin (97:224;0:327) -Tint = 10000 ms -20 bit - Rhythm = 15000 ms
2,1,0,0,0,97,224,0,327,4095,3480,1,626,13000,41,242,5,5,125,7,74,0,0 # NADIR: Vertical Bin (97:224;0:327) -Tint = 13000 ms -20 bit - Rhythm = 15000 ms
2,1,0,0,0,97,224,0,327,4095,3480,1,0,16000,35,242,5,5,125,7,74,0,0 # NADIR: Vertical Bin (97:224;0:327) -Tint = 16000 ms -20 bit - Rhythm = 17374 ms
2,1,0,0,0,97,224,0,327,4095,3480,1,0,20000,29,242,5,5,125,7,74,0,0 # NADIR: Vertical Bin (97:224;0:327) -Tint = 20000 ms -20 bit - Rhythm = 21374 ms
2,1,0,0,0,97,224,0,327,4095,3480,1,0,30000,20,242,5,5,125,7,74,0,0 # NADIR: Vertical Bin (97:224;0:327) -Tint = 30000 ms -20 bit - Rhythm = 31374 ms
2,1,0,0,0,97,224,0,327,4095,3480,1,0,45000,13,242,5,5,125,7,74,0,0 # NADIR: Vertical Bin (97:224;0:327) -Tint = 45000 ms -20 bit - Rhythm = 46374 ms
2,1,0,0,0,97,224,0,327,4095,3480,1,0,60000,10,242,5,5,125,7,74,0,0 # NADIR: Vertical Bin (97:224;0:327) -Tint = 60000 ms -20 bit - Rhythm = 61374 ms
1,1,0,0,0,167,182,0,1047,4095,3480,1,111,30,65534,242,5,5,125,7,74,0,0 # SO: Vertical Bin (167:182;0:1047) -Tint = 30 ms -20 bit - Rhythm = 334 ms
1,1,0,0,0,167,182,0,1047,4095,3480,1,277,30,65534,242,5,5,125,7,74,0,0 # SO: Vertical Bin (167:182;0:1047) -Tint = 30 ms -20 bit - Rhythm = 500 ms
1,1,0,0,0,167,182,0,1047,4095,3480,1,777,30,65534,242,5,5,125,7,74,0,0 # SO: Vertical Bin (167:182;0:1047) -Tint = 30 ms -20 bit - Rhythm = 1000 ms
1,1,0,0,0,167,182,0,1047,4095,3480,1,101,40,65534,242,5,5,125,7,74,0,0 # SO: Vertical Bin (167:182;0:1047) -Tint = 40 ms -20 bit - Rhythm = 334 ms
1,1,0,0,0,167,182,0,1047,4095,3480,1,267,40,65534,242,5,5,125,7,74,0,0 # SO: Vertical Bin (167:182;0:1047) -Tint = 40 ms -20 bit - Rhythm = 500 ms
1,1,0,0,0,167,182,0,1047,4095,3480,1,767,40,65534,242,5,5,125,7,74,0,0 # SO: Vertical Bin (167:182;0:1047) -Tint = 40 ms -20 bit - Rhythm = 1000 ms
1,1,0,0,0,167,182,0,1047,4095,3480,1,96,45,65534,242,5,5,125,7,74,0,0 # SO: Vertical Bin (167:182;0:1047) -Tint = 45 ms -20 bit - Rhythm = 334 ms
1,1,0,0,0,167,182,0,1047,4095,3480,1,262,45,65534,242,5,5,125,7,74,0,0 # SO: Vertical Bin (167:182;0:1047) -Tint = 45 ms -20 bit - Rhythm = 500 ms
1,1,0,0,0,167,182,0,1047,4095,3480,1,762,45,65534,242,5,5,125,7,74,0,0 # SO: Vertical Bin (167:182;0:1047) -Tint = 45 ms -20 bit - Rhythm = 1000 ms
1,1,0,0,0,167,182,0,1047,4095,3480,1,91,50,65534,242,5,5,125,7,74,0,0 # SO: Vertical Bin (167:182;0:1047) -Tint = 50 ms -20 bit - Rhythm = 334 ms
1,1,0,0,0,167,182,0,1047,4095,3480,1,257,50,65534,242,5,5,125,7,74,0,0 # SO: Vertical Bin (167:182;0:1047) -Tint = 50 ms -20 bit - Rhythm = 500 ms
1,1,0,0,0,167,182,0,1047,4095,3480,1,757,50,65534,242,5,5,125,7,74,0,0 # SO: Vertical Bin (167:182;0:1047) -Tint = 50 ms -20 bit - Rhythm = 1000 ms
1,1,0,0,0,167,182,0,1047,4095,3480,1,66,75,65534,242,5,5,125,7,74,0,0 # SO: Vertical Bin (167:182;0:1047) -Tint = 75 ms -20 bit - Rhythm = 334 ms
1,1,0,0,0,167,182,0,1047,4095,3480,1,232,75,65534,242,5,5,125,7,74,0,0 # SO: Vertical Bin (167:182;0:1047) -Tint = 75 ms -20 bit - Rhythm = 500 ms
1,1,0,0,0,167,182,0,1047,4095,3480,1,732,75,65534,242,5,5,125,7,74,0,0 # SO: Vertical Bin (167:182;0:1047) -Tint = 75 ms -20 bit - Rhythm = 1000 ms
1,1,0,0,0,167,182,0,1047,4095,3480,1,41,100,65534,242,5,5,125,7,74,0,0 # SO: Vertical Bin (167:182;0:1047) -Tint = 100 ms -20 bit - Rhythm = 334 ms
1,1,0,0,0,167,182,0,1047,4095,3480,1,207,100,65534,242,5,5,125,7,74,0,0 # SO: Vertical Bin (167:182;0:1047) -Tint = 100 ms -20 bit - Rhythm = 500 ms
1,1,0,0,0,167,182,0,1047,4095,3480,1,707,100,65534,242,5,5,125,7,74,0,0 # SO: Vertical Bin (167:182;0:1047) -Tint = 100 ms -20 bit - Rhythm = 1000 ms
1,1,0,0,0,167,182,0,1047,4095,3480,1,0,150,65534,242,5,5,125,7,74,0,0 # SO: Vertical Bin (167:182;0:1047) -Tint = 150 ms -20 bit - Rhythm = 343 ms
1,1,0,0,0,167,182,0,1047,4095,3480,1,157,150,65534,242,5,5,125,7,74,0,0 # SO: Vertical Bin (167:182;0:1047) -Tint = 150 ms -20 bit - Rhythm = 500 ms
1,1,0,0,0,167,182,0,1047,4095,3480,1,657,150,65534,242,5,5,125,7,74,0,0 # SO: Vertical Bin (167:182;0:1047) -Tint = 150 ms -20 bit - Rhythm = 1000 ms
1,1,0,0,0,167,182,0,1047,4095,3480,1,107,200,65534,242,5,5,125,7,74,0,0 # SO: Vertical Bin (167:182;0:1047) -Tint = 200 ms -20 bit - Rhythm = 500 ms
1,1,0,0,0,167,182,0,1047,4095,3480,1,607,200,65534,242,5,5,125,7,74,0,0 # SO: Vertical Bin (167:182;0:1047) -Tint = 200 ms -20 bit - Rhythm = 1000 ms
1,1,0,0,0,167,182,0,1047,4095,3480,1,7,300,65534,242,5,5,125,7,74,0,0 # SO: Vertical Bin (167:182;0:1047) -Tint = 300 ms -20 bit - Rhythm = 500 ms
1,1,0,0,0,167,182,0,1047,4095,3480,1,507,300,65534,242,5,5,125,7,74,0,0 # SO: Vertical Bin (167:182;0:1047) -Tint = 300 ms -20 bit - Rhythm = 1000 ms
1,1,0,0,0,167,182,0,1047,4095,3480,1,0,450,65534,242,5,5,125,7,74,0,0 # SO: Vertical Bin (167:182;0:1047) -Tint = 450 ms -20 bit - Rhythm = 643 ms
1,1,0,0,0,167,182,0,1047,4095,3480,1,357,450,65534,242,5,5,125,7,74,0,0 # SO: Vertical Bin (167:182;0:1047) -Tint = 450 ms -20 bit - Rhythm = 1000 ms
1,1,0,0,0,169,176,0,1047,4095,3480,1,195,30,65534,242,5,5,125,7,74,0,0 # SO: Vertical Bin (169:176;0:1047) -Tint = 30 ms -20 bit - Rhythm = 334 ms
1,1,0,0,0,169,176,0,1047,4095,3480,1,361,30,65534,242,5,5,125,7,74,0,0 # SO: Vertical Bin (169:176;0:1047) -Tint = 30 ms -20 bit - Rhythm = 500 ms
1,1,0,0,0,169,176,0,1047,4095,3480,1,861,30,65534,242,5,5,125,7,74,0,0 # SO: Vertical Bin (169:176;0:1047) -Tint = 30 ms -20 bit - Rhythm = 1000 ms
1,1,0,0,0,169,176,0,1047,4095,3480,1,185,40,65534,242,5,5,125,7,74,0,0 # SO: Vertical Bin (169:176;0:1047) -Tint = 40 ms -20 bit - Rhythm = 334 ms
1,1,0,0,0,169,176,0,1047,4095,3480,1,351,40,65534,242,5,5,125,7,74,0,0 # SO: Vertical Bin (169:176;0:1047) -Tint = 40 ms -20 bit - Rhythm = 500 ms
1,1,0,0,0,169,176,0,1047,4095,3480,1,851,40,65534,242,5,5,125,7,74,0,0 # SO: Vertical Bin (169:176;0:1047) -Tint = 40 ms -20 bit - Rhythm = 1000 ms
1,1,0,0,0,169,176,0,1047,4095,3480,1,180,45,65534,242,5,5,125,7,74,0,0 # SO: Vertical Bin (169:176;0:1047) -Tint = 45 ms -20 bit - Rhythm = 334 ms
1,1,0,0,0,169,176,0,1047,4095,3480,1,346,45,65534,242,5,5,125,7,74,0,0 # SO: Vertical Bin (169:176;0:1047) -Tint = 45 ms -20 bit - Rhythm = 500 ms
1,1,0,0,0,169,176,0,1047,4095,3480,1,846,45,65534,242,5,5,125,7,74,0,0 # SO: Vertical Bin (169:176;0:1047) -Tint = 45 ms -20 bit - Rhythm = 1000 ms
1,1,0,0,0,169,176,0,1047,4095,3480,1,175,50,65534,242,5,5,125,7,74,0,0 # SO: Vertical Bin (169:176;0:1047) -Tint = 50 ms -20 bit - Rhythm = 334 ms
1,1,0,0,0,169,176,0,1047,4095,3480,1,341,50,65534,242,5,5,125,7,74,0,0 # SO: Vertical Bin (169:176;0:1047) -Tint = 50 ms -20 bit - Rhythm = 500 ms
1,1,0,0,0,169,176,0,1047,4095,3480,1,841,50,65534,242,5,5,125,7,74,0,0 # SO: Vertical Bin (169:176;0:1047) -Tint = 50 ms -20 bit - Rhythm = 1000 ms
1,1,0,0,0,169,176,0,1047,4095,3480,1,150,75,65534,242,5,5,125,7,74,0,0 # SO: Vertical Bin (169:176;0:1047) -Tint = 75 ms -20 bit - Rhythm = 334 ms
1,1,0,0,0,169,176,0,1047,4095,3480,1,316,75,65534,242,5,5,125,7,74,0,0 # SO: Vertical Bin (169:176;0:1047) -Tint = 75 ms -20 bit - Rhythm = 500 ms
1,1,0,0,0,169,176,0,1047,4095,3480,1,816,75,65534,242,5,5,125,7,74,0,0 # SO: Vertical Bin (169:176;0:1047) -Tint = 75 ms -20 bit - Rhythm = 1000 ms
1,1,0,0,0,169,176,0,1047,4095,3480,1,125,100,65534,242,5,5,125,7,74,0,0 # SO: Vertical Bin (169:176;0:1047) -Tint = 100 ms -20 bit - Rhythm = 334 ms
1,1,0,0,0,169,176,0,1047,4095,3480,1,291,100,65534,242,5,5,125,7,74,0,0 # SO: Vertical Bin (169:176;0:1047) -Tint = 100 ms -20 bit - Rhythm = 500 ms
1,1,0,0,0,169,176,0,1047,4095,3480,1,791,100,65534,242,5,5,125,7,74,0,0 # SO: Vertical Bin (169:176;0:1047) -Tint = 100 ms -20 bit - Rhythm = 1000 ms
1,1,0,0,0,169,176,0,1047,4095,3480,1,75,150,65534,242,5,5,125,7,74,0,0 # SO: Vertical Bin (169:176;0:1047) -Tint = 150 ms -20 bit - Rhythm = 334 ms
1,1,0,0,0,169,176,0,1047,4095,3480,1,241,150,65534,242,5,5,125,7,74,0,0 # SO: Vertical Bin (169:176;0:1047) -Tint = 150 ms -20 bit - Rhythm = 500 ms
1,1,0,0,0,169,176,0,1047,4095,3480,1,741,150,65534,242,5,5,125,7,74,0,0 # SO: Vertical Bin (169:176;0:1047) -Tint = 150 ms -20 bit - Rhythm = 1000 ms
1,1,0,0,0,169,176,0,1047,4095,3480,1,191,200,65534,242,5,5,125,7,74,0,0 # SO: Vertical Bin (169:176;0:1047) -Tint = 200 ms -20 bit - Rhythm = 500 ms
1,1,0,0,0,169,176,0,1047,4095,3480,1,691,200,65534,242,5,5,125,7,74,0,0 # SO: Vertical Bin (169:176;0:1047) -Tint = 200 ms -20 bit - Rhythm = 1000 ms
1,1,0,0,0,169,176,0,1047,4095,3480,1,91,300,65534,242,5,5,125,7,74,0,0 # SO: Vertical Bin (169:176;0:1047) -Tint = 300 ms -20 bit - Rhythm = 500 ms
1,1,0,0,0,169,176,0,1047,4095,3480,1,591,300,65534,242,5,5,125,7,74,0,0 # SO: Vertical Bin (169:176;0:1047) -Tint = 300 ms -20 bit - Rhythm = 1000 ms
1,1,0,0,0,169,176,0,1047,4095,3480,1,0,450,65534,242,5,5,125,7,74,0,0 # SO: Vertical Bin (169:176;0:1047) -Tint = 450 ms -20 bit - Rhythm = 559 ms
1,1,0,0,0,169,176,0,1047,4095,3480,1,441,450,65534,242,5,5,125,7,74,0,0 # SO: Vertical Bin (169:176;0:1047) -Tint = 450 ms -20 bit - Rhythm = 1000 ms
1,1,0,0,0,172,175,0,1047,4095,3480,1,237,30,65534,242,5,5,125,7,74,0,0 # SO: Vertical Bin (172:175;0:1047) -Tint = 30 ms -20 bit - Rhythm = 334 ms
1,1,0,0,0,172,175,0,1047,4095,3480,1,403,30,65534,242,5,5,125,7,74,0,0 # SO: Vertical Bin (172:175;0:1047) -Tint = 30 ms -20 bit - Rhythm = 500 ms
1,1,0,0,0,172,175,0,1047,4095,3480,1,903,30,65534,242,5,5,125,7,74,0,0 # SO: Vertical Bin (172:175;0:1047) -Tint = 30 ms -20 bit - Rhythm = 1000 ms
1,1,0,0,0,172,175,0,1047,4095,3480,1,227,40,65534,242,5,5,125,7,74,0,0 # SO: Vertical Bin (172:175;0:1047) -Tint = 40 ms -20 bit - Rhythm = 334 ms
1,1,0,0,0,172,175,0,1047,4095,3480,1,393,40,65534,242,5,5,125,7,74,0,0 # SO: Vertical Bin (172:175;0:1047) -Tint = 40 ms -20 bit - Rhythm = 500 ms
1,1,0,0,0,172,175,0,1047,4095,3480,1,893,40,65534,242,5,5,125,7,74,0,0 # SO: Vertical Bin (172:175;0:1047) -Tint = 40 ms -20 bit - Rhythm = 1000 ms
1,1,0,0,0,172,175,0,1047,4095,3480,1,222,45,65534,242,5,5,125,7,74,0,0 # SO: Vertical Bin (172:175;0:1047) -Tint = 45 ms -20 bit - Rhythm = 334 ms
1,1,0,0,0,172,175,0,1047,4095,3480,1,388,45,65534,242,5,5,125,7,74,0,0 # SO: Vertical Bin (172:175;0:1047) -Tint = 45 ms -20 bit - Rhythm = 500 ms
1,1,0,0,0,172,175,0,1047,4095,3480,1,888,45,65534,242,5,5,125,7,74,0,0 # SO: Vertical Bin (172:175;0:1047) -Tint = 45 ms -20 bit - Rhythm = 1000 ms
1,1,0,0,0,172,175,0,1047,4095,3480,1,217,50,65534,242,5,5,125,7,74,0,0 # SO: Vertical Bin (172:175;0:1047) -Tint = 50 ms -20 bit - Rhythm = 334 ms
1,1,0,0,0,172,175,0,1047,4095,3480,1,383,50,65534,242,5,5,125,7,74,0,0 # SO: Vertical Bin (172:175;0:1047) -Tint = 50 ms -20 bit - Rhythm = 500 ms
1,1,0,0,0,172,175,0,1047,4095,3480,1,883,50,65534,242,5,5,125,7,74,0,0 # SO: Vertical Bin (172:175;0:1047) -Tint = 50 ms -20 bit - Rhythm = 1000 ms
1,1,0,0,0,172,175,0,1047,4095,3480,1,192,75,65534,242,5,5,125,7,74,0,0 # SO: Vertical Bin (172:175;0:1047) -Tint = 75 ms -20 bit - Rhythm = 334 ms
1,1,0,0,0,172,175,0,1047,4095,3480,1,358,75,65534,242,5,5,125,7,74,0,0 # SO: Vertical Bin (172:175;0:1047) -Tint = 75 ms -20 bit - Rhythm = 500 ms
1,1,0,0,0,172,175,0,1047,4095,3480,1,858,75,65534,242,5,5,125,7,74,0,0 # SO: Vertical Bin (172:175;0:1047) -Tint = 75 ms -20 bit - Rhythm = 1000 ms
1,1,0,0,0,172,175,0,1047,4095,3480,1,167,100,65534,242,5,5,125,7,74,0,0 # SO: Vertical Bin (172:175;0:1047) -Tint = 100 ms -20 bit - Rhythm = 334 ms
1,1,0,0,0,172,175,0,1047,4095,3480,1,333,100,65534,242,5,5,125,7,74,0,0 # SO: Vertical Bin (172:175;0:1047) -Tint = 100 ms -20 bit - Rhythm = 500 ms
1,1,0,0,0,172,175,0,1047,4095,3480,1,833,100,65534,242,5,5,125,7,74,0,0 # SO: Vertical Bin (172:175;0:1047) -Tint = 100 ms -20 bit - Rhythm = 1000 ms
1,1,0,0,0,172,175,0,1047,4095,3480,1,117,150,65534,242,5,5,125,7,74,0,0 # SO: Vertical Bin (172:175;0:1047) -Tint = 150 ms -20 bit - Rhythm = 334 ms
1,1,0,0,0,172,175,0,1047,4095,3480,1,283,150,65534,242,5,5,125,7,74,0,0 # SO: Vertical Bin (172:175;0:1047) -Tint = 150 ms -20 bit - Rhythm = 500 ms
1,1,0,0,0,172,175,0,1047,4095,3480,1,783,150,65534,242,5,5,125,7,74,0,0 # SO: Vertical Bin (172:175;0:1047) -Tint = 150 ms -20 bit - Rhythm = 1000 ms
1,1,0,0,0,172,175,0,1047,4095,3480,1,233,200,65534,242,5,5,125,7,74,0,0 # SO: Vertical Bin (172:175;0:1047) -Tint = 200 ms -20 bit - Rhythm = 500 ms
1,1,0,0,0,172,175,0,1047,4095,3480,1,733,200,65534,242,5,5,125,7,74,0,0 # SO: Vertical Bin (172:175;0:1047) -Tint = 200 ms -20 bit - Rhythm = 1000 ms
1,1,0,0,0,172,175,0,1047,4095,3480,1,133,300,65534,242,5,5,125,7,74,0,0 # SO: Vertical Bin (172:175;0:1047) -Tint = 300 ms -20 bit - Rhythm = 500 ms
1,1,0,0,0,172,175,0,1047,4095,3480,1,633,300,65534,242,5,5,125,7,74,0,0 # SO: Vertical Bin (172:175;0:1047) -Tint = 300 ms -20 bit - Rhythm = 1000 ms
1,1,0,0,0,172,175,0,1047,4095,3480,1,0,450,65534,242,5,5,125,7,74,0,0 # SO: Vertical Bin (172:175;0:1047) -Tint = 450 ms -20 bit - Rhythm = 517 ms
1,1,0,0,0,172,175,0,1047,4095,3480,1,483,450,65534,242,5,5,125,7,74,0,0 # SO: Vertical Bin (172:175;0:1047) -Tint = 450 ms -20 bit - Rhythm = 1000 ms
1,1,0,0,0,173,174,0,1047,4095,3480,1,269,30,65534,242,5,5,125,7,202,0,0 # SO: Vertical Bin (173:174;0:1047) -Tint = 30 ms -16 bit - Rhythm = 334 ms
1,1,0,0,0,173,174,0,1047,4095,3480,1,435,30,65534,242,5,5,125,7,202,0,0 # SO: Vertical Bin (173:174;0:1047) -Tint = 30 ms -16 bit - Rhythm = 500 ms
1,1,0,0,0,173,174,0,1047,4095,3480,1,935,30,65534,242,5,5,125,7,202,0,0 # SO: Vertical Bin (173:174;0:1047) -Tint = 30 ms -16 bit - Rhythm = 1000 ms
1,1,0,0,0,173,174,0,1047,4095,3480,1,259,40,65534,242,5,5,125,7,202,0,0 # SO: Vertical Bin (173:174;0:1047) -Tint = 40 ms -16 bit - Rhythm = 334 ms
1,1,0,0,0,173,174,0,1047,4095,3480,1,425,40,65534,242,5,5,125,7,202,0,0 # SO: Vertical Bin (173:174;0:1047) -Tint = 40 ms -16 bit - Rhythm = 500 ms
1,1,0,0,0,173,174,0,1047,4095,3480,1,925,40,65534,242,5,5,125,7,202,0,0 # SO: Vertical Bin (173:174;0:1047) -Tint = 40 ms -16 bit - Rhythm = 1000 ms
1,1,0,0,0,173,174,0,1047,4095,3480,1,254,45,65534,242,5,5,125,7,202,0,0 # SO: Vertical Bin (173:174;0:1047) -Tint = 45 ms -16 bit - Rhythm = 334 ms
1,1,0,0,0,173,174,0,1047,4095,3480,1,420,45,65534,242,5,5,125,7,202,0,0 # SO: Vertical Bin (173:174;0:1047) -Tint = 45 ms -16 bit - Rhythm = 500 ms
1,1,0,0,0,173,174,0,1047,4095,3480,1,920,45,65534,242,5,5,125,7,202,0,0 # SO: Vertical Bin (173:174;0:1047) -Tint = 45 ms -16 bit - Rhythm = 1000 ms
1,1,0,0,0,173,174,0,1047,4095,3480,1,249,50,65534,242,5,5,125,7,202,0,0 # SO: Vertical Bin (173:174;0:1047) -Tint = 50 ms -16 bit - Rhythm = 334 ms
1,1,0,0,0,173,174,0,1047,4095,3480,1,415,50,65534,242,5,5,125,7,202,0,0 # SO: Vertical Bin (173:174;0:1047) -Tint = 50 ms -16 bit - Rhythm = 500 ms
1,1,0,0,0,173,174,0,1047,4095,3480,1,915,50,65534,242,5,5,125,7,202,0,0 # SO: Vertical Bin (173:174;0:1047) -Tint = 50 ms -16 bit - Rhythm = 1000 ms
1,1,0,0,0,173,174,0,1047,4095,3480,1,224,75,65534,242,5,5,125,7,202,0,0 # SO: Vertical Bin (173:174;0:1047) -Tint = 75 ms -16 bit - Rhythm = 334 ms
1,1,0,0,0,173,174,0,1047,4095,3480,1,390,75,65534,242,5,5,125,7,202,0,0 # SO: Vertical Bin (173:174;0:1047) -Tint = 75 ms -16 bit - Rhythm = 500 ms
1,1,0,0,0,173,174,0,1047,4095,3480,1,890,75,65534,242,5,5,125,7,202,0,0 # SO: Vertical Bin (173:174;0:1047) -Tint = 75 ms -16 bit - Rhythm = 1000 ms
1,1,0,0,0,173,174,0,1047,4095,3480,1,199,100,65534,242,5,5,125,7,202,0,0 # SO: Vertical Bin (173:174;0:1047) -Tint = 100 ms -16 bit - Rhythm = 334 ms
1,1,0,0,0,173,174,0,1047,4095,3480,1,365,100,65534,242,5,5,125,7,202,0,0 # SO: Vertical Bin (173:174;0:1047) -Tint = 100 ms -16 bit - Rhythm = 500 ms
1,1,0,0,0,173,174,0,1047,4095,3480,1,865,100,65534,242,5,5,125,7,202,0,0 # SO: Vertical Bin (173:174;0:1047) -Tint = 100 ms -16 bit - Rhythm = 1000 ms
1,1,0,0,0,173,174,0,1047,4095,3480,1,149,150,65534,242,5,5,125,7,202,0,0 # SO: Vertical Bin (173:174;0:1047) -Tint = 150 ms -16 bit - Rhythm = 334 ms
1,1,0,0,0,173,174,0,1047,4095,3480,1,315,150,65534,242,5,5,125,7,202,0,0 # SO: Vertical Bin (173:174;0:1047) -Tint = 150 ms -16 bit - Rhythm = 500 ms
1,1,0,0,0,173,174,0,1047,4095,3480,1,815,150,65534,242,5,5,125,7,202,0,0 # SO: Vertical Bin (173:174;0:1047) -Tint = 150 ms -16 bit - Rhythm = 1000 ms
1,1,0,0,0,173,174,0,1047,4095,3480,1,265,200,65534,242,5,5,125,7,202,0,0 # SO: Vertical Bin (173:174;0:1047) -Tint = 200 ms -16 bit - Rhythm = 500 ms
1,1,0,0,0,173,174,0,1047,4095,3480,1,765,200,65534,242,5,5,125,7,202,0,0 # SO: Vertical Bin (173:174;0:1047) -Tint = 200 ms -16 bit - Rhythm = 1000 ms
1,1,0,0,0,173,174,0,1047,4095,3480,1,165,300,65534,242,5,5,125,7,202,0,0 # SO: Vertical Bin (173:174;0:1047) -Tint = 300 ms -16 bit - Rhythm = 500 ms
1,1,0,0,0,173,174,0,1047,4095,3480,1,665,300,65534,242,5,5,125,7,202,0,0 # SO: Vertical Bin (173:174;0:1047) -Tint = 300 ms -16 bit - Rhythm = 1000 ms
1,1,0,0,0,173,174,0,1047,4095,3480,1,15,450,65534,242,5,5,125,7,202,0,0 # SO: Vertical Bin (173:174;0:1047) -Tint = 450 ms -16 bit - Rhythm = 500 ms
1,1,0,0,0,173,174,0,1047,4095,3480,1,515,450,65534,242,5,5,125,7,202,0,0 # SO: Vertical Bin (173:174;0:1047) -Tint = 450 ms -16 bit - Rhythm = 1000 ms
1,1,0,0,0,174,174,0,1047,4095,3480,1,269,30,65534,242,5,5,125,7,202,0,0 # SO: Vertical Bin (174:174;0:1047) -Tint = 30 ms -16 bit - Rhythm = 334 ms
1,1,0,0,0,174,174,0,1047,4095,3480,1,435,30,65534,242,5,5,125,7,202,0,0 # SO: Vertical Bin (174:174;0:1047) -Tint = 30 ms -16 bit - Rhythm = 500 ms
1,1,0,0,0,174,174,0,1047,4095,3480,1,935,30,65534,242,5,5,125,7,202,0,0 # SO: Vertical Bin (174:174;0:1047) -Tint = 30 ms -16 bit - Rhythm = 1000 ms
1,1,0,0,0,174,174,0,1047,4095,3480,1,259,40,65534,242,5,5,125,7,202,0,0 # SO: Vertical Bin (174:174;0:1047) -Tint = 40 ms -16 bit - Rhythm = 334 ms
1,1,0,0,0,174,174,0,1047,4095,3480,1,425,40,65534,242,5,5,125,7,202,0,0 # SO: Vertical Bin (174:174;0:1047) -Tint = 40 ms -16 bit - Rhythm = 500 ms
1,1,0,0,0,174,174,0,1047,4095,3480,1,925,40,65534,242,5,5,125,7,202,0,0 # SO: Vertical Bin (174:174;0:1047) -Tint = 40 ms -16 bit - Rhythm = 1000 ms
1,1,0,0,0,174,174,0,1047,4095,3480,1,254,45,65534,242,5,5,125,7,202,0,0 # SO: Vertical Bin (174:174;0:1047) -Tint = 45 ms -16 bit - Rhythm = 334 ms
1,1,0,0,0,174,174,0,1047,4095,3480,1,420,45,65534,242,5,5,125,7,202,0,0 # SO: Vertical Bin (174:174;0:1047) -Tint = 45 ms -16 bit - Rhythm = 500 ms
1,1,0,0,0,174,174,0,1047,4095,3480,1,920,45,65534,242,5,5,125,7,202,0,0 # SO: Vertical Bin (174:174;0:1047) -Tint = 45 ms -16 bit - Rhythm = 1000 ms
1,1,0,0,0,174,174,0,1047,4095,3480,1,249,50,65534,242,5,5,125,7,202,0,0 # SO: Vertical Bin (174:174;0:1047) -Tint = 50 ms -16 bit - Rhythm = 334 ms
1,1,0,0,0,174,174,0,1047,4095,3480,1,415,50,65534,242,5,5,125,7,202,0,0 # SO: Vertical Bin (174:174;0:1047) -Tint = 50 ms -16 bit - Rhythm = 500 ms
1,1,0,0,0,174,174,0,1047,4095,3480,1,915,50,65534,242,5,5,125,7,202,0,0 # SO: Vertical Bin (174:174;0:1047) -Tint = 50 ms -16 bit - Rhythm = 1000 ms
1,1,0,0,0,174,174,0,1047,4095,3480,1,224,75,65534,242,5,5,125,7,202,0,0 # SO: Vertical Bin (174:174;0:1047) -Tint = 75 ms -16 bit - Rhythm = 334 ms
1,1,0,0,0,174,174,0,1047,4095,3480,1,390,75,65534,242,5,5,125,7,202,0,0 # SO: Vertical Bin (174:174;0:1047) -Tint = 75 ms -16 bit - Rhythm = 500 ms
1,1,0,0,0,174,174,0,1047,4095,3480,1,890,75,65534,242,5,5,125,7,202,0,0 # SO: Vertical Bin (174:174;0:1047) -Tint = 75 ms -16 bit - Rhythm = 1000 ms
1,1,0,0,0,174,174,0,1047,4095,3480,1,199,100,65534,242,5,5,125,7,202,0,0 # SO: Vertical Bin (174:174;0:1047) -Tint = 100 ms -16 bit - Rhythm = 334 ms
1,1,0,0,0,174,174,0,1047,4095,3480,1,365,100,65534,242,5,5,125,7,202,0,0 # SO: Vertical Bin (174:174;0:1047) -Tint = 100 ms -16 bit - Rhythm = 500 ms
1,1,0,0,0,174,174,0,1047,4095,3480,1,865,100,65534,242,5,5,125,7,202,0,0 # SO: Vertical Bin (174:174;0:1047) -Tint = 100 ms -16 bit - Rhythm = 1000 ms
1,1,0,0,0,174,174,0,1047,4095,3480,1,149,150,65534,242,5,5,125,7,202,0,0 # SO: Vertical Bin (174:174;0:1047) -Tint = 150 ms -16 bit - Rhythm = 334 ms
1,1,0,0,0,174,174,0,1047,4095,3480,1,315,150,65534,242,5,5,125,7,202,0,0 # SO: Vertical Bin (174:174;0:1047) -Tint = 150 ms -16 bit - Rhythm = 500 ms
1,1,0,0,0,174,174,0,1047,4095,3480,1,815,150,65534,242,5,5,125,7,202,0,0 # SO: Vertical Bin (174:174;0:1047) -Tint = 150 ms -16 bit - Rhythm = 1000 ms
1,1,0,0,0,174,174,0,1047,4095,3480,1,265,200,65534,242,5,5,125,7,202,0,0 # SO: Vertical Bin (174:174;0:1047) -Tint = 200 ms -16 bit - Rhythm = 500 ms
1,1,0,0,0,174,174,0,1047,4095,3480,1,765,200,65534,242,5,5,125,7,202,0,0 # SO: Vertical Bin (174:174;0:1047) -Tint = 200 ms -16 bit - Rhythm = 1000 ms
1,1,0,0,0,174,174,0,1047,4095,3480,1,165,300,65534,242,5,5,125,7,202,0,0 # SO: Vertical Bin (174:174;0:1047) -Tint = 300 ms -16 bit - Rhythm = 500 ms
1,1,0,0,0,174,174,0,1047,4095,3480,1,665,300,65534,242,5,5,125,7,202,0,0 # SO: Vertical Bin (174:174;0:1047) -Tint = 300 ms -16 bit - Rhythm = 1000 ms
1,1,0,0,0,174,174,0,1047,4095,3480,1,15,450,65534,242,5,5,125,7,202,0,0 # SO: Vertical Bin (174:174;0:1047) -Tint = 450 ms -16 bit - Rhythm = 500 ms
1,1,0,0,0,174,174,0,1047,4095,3480,1,515,450,65534,242,5,5,125,7,202,0,0 # SO: Vertical Bin (174:174;0:1047) -Tint = 450 ms -16 bit - Rhythm = 1000 ms
1,1,0,0,0,167,182,0,325,4095,3480,1,91,50,65534,242,5,5,125,7,74,0,0 # SO: Vertical Bin (167:182;0:325) -Tint = 50 ms -20 bit - Rhythm = 334 ms
1,1,0,0,0,167,182,0,325,4095,3480,1,257,50,65534,242,5,5,125,7,74,0,0 # SO: Vertical Bin (167:182;0:325) -Tint = 50 ms -20 bit - Rhythm = 500 ms
1,1,0,0,0,167,182,0,325,4095,3480,1,757,50,65534,242,5,5,125,7,74,0,0 # SO: Vertical Bin (167:182;0:325) -Tint = 50 ms -20 bit - Rhythm = 1000 ms
1,1,0,0,0,167,182,0,325,4095,3480,1,41,100,65534,242,5,5,125,7,74,0,0 # SO: Vertical Bin (167:182;0:325) -Tint = 100 ms -20 bit - Rhythm = 334 ms
1,1,0,0,0,167,182,0,325,4095,3480,1,207,100,65534,242,5,5,125,7,74,0,0 # SO: Vertical Bin (167:182;0:325) -Tint = 100 ms -20 bit - Rhythm = 500 ms
1,1,0,0,0,167,182,0,325,4095,3480,1,707,100,65534,242,5,5,125,7,74,0,0 # SO: Vertical Bin (167:182;0:325) -Tint = 100 ms -20 bit - Rhythm = 1000 ms
1,1,0,0,0,167,182,0,325,4095,3480,1,0,150,65534,242,5,5,125,7,74,0,0 # SO: Vertical Bin (167:182;0:325) -Tint = 150 ms -20 bit - Rhythm = 343 ms
1,1,0,0,0,167,182,0,325,4095,3480,1,157,150,65534,242,5,5,125,7,74,0,0 # SO: Vertical Bin (167:182;0:325) -Tint = 150 ms -20 bit - Rhythm = 500 ms
1,1,0,0,0,167,182,0,325,4095,3480,1,657,150,65534,242,5,5,125,7,74,0,0 # SO: Vertical Bin (167:182;0:325) -Tint = 150 ms -20 bit - Rhythm = 1000 ms
1,1,0,0,0,167,182,0,325,4095,3480,1,107,200,65534,242,5,5,125,7,74,0,0 # SO: Vertical Bin (167:182;0:325) -Tint = 200 ms -20 bit - Rhythm = 500 ms
1,1,0,0,0,167,182,0,325,4095,3480,1,607,200,65534,242,5,5,125,7,74,0,0 # SO: Vertical Bin (167:182;0:325) -Tint = 200 ms -20 bit - Rhythm = 1000 ms
1,1,0,0,0,167,182,0,325,4095,3480,1,7,300,65534,242,5,5,125,7,74,0,0 # SO: Vertical Bin (167:182;0:325) -Tint = 300 ms -20 bit - Rhythm = 500 ms
1,1,0,0,0,167,182,0,325,4095,3480,1,507,300,65534,242,5,5,125,7,74,0,0 # SO: Vertical Bin (167:182;0:325) -Tint = 300 ms -20 bit - Rhythm = 1000 ms
1,1,0,0,0,167,182,0,325,4095,3480,1,0,450,65534,242,5,5,125,7,74,0,0 # SO: Vertical Bin (167:182;0:325) -Tint = 450 ms -20 bit - Rhythm = 643 ms
1,1,0,0,0,167,182,0,325,4095,3480,1,357,450,65534,242,5,5,125,7,74,0,0 # SO: Vertical Bin (167:182;0:325) -Tint = 450 ms -20 bit - Rhythm = 1000 ms
1,1,0,0,0,172,175,0,325,4095,3480,1,217,50,65534,242,5,5,125,7,74,0,0 # SO: Vertical Bin (172:175;0:325) -Tint = 50 ms -20 bit - Rhythm = 334 ms
1,1,0,0,0,172,175,0,325,4095,3480,1,383,50,65534,242,5,5,125,7,74,0,0 # SO: Vertical Bin (172:175;0:325) -Tint = 50 ms -20 bit - Rhythm = 500 ms
1,1,0,0,0,172,175,0,325,4095,3480,1,883,50,65534,242,5,5,125,7,74,0,0 # SO: Vertical Bin (172:175;0:325) -Tint = 50 ms -20 bit - Rhythm = 1000 ms
1,1,0,0,0,172,175,0,325,4095,3480,1,167,100,65534,242,5,5,125,7,74,0,0 # SO: Vertical Bin (172:175;0:325) -Tint = 100 ms -20 bit - Rhythm = 334 ms
1,1,0,0,0,172,175,0,325,4095,3480,1,333,100,65534,242,5,5,125,7,74,0,0 # SO: Vertical Bin (172:175;0:325) -Tint = 100 ms -20 bit - Rhythm = 500 ms
1,1,0,0,0,172,175,0,325,4095,3480,1,833,100,65534,242,5,5,125,7,74,0,0 # SO: Vertical Bin (172:175;0:325) -Tint = 100 ms -20 bit - Rhythm = 1000 ms
1,1,0,0,0,172,175,0,325,4095,3480,1,117,150,65534,242,5,5,125,7,74,0,0 # SO: Vertical Bin (172:175;0:325) -Tint = 150 ms -20 bit - Rhythm = 334 ms
1,1,0,0,0,172,175,0,325,4095,3480,1,283,150,65534,242,5,5,125,7,74,0,0 # SO: Vertical Bin (172:175;0:325) -Tint = 150 ms -20 bit - Rhythm = 500 ms
1,1,0,0,0,172,175,0,325,4095,3480,1,783,150,65534,242,5,5,125,7,74,0,0 # SO: Vertical Bin (172:175;0:325) -Tint = 150 ms -20 bit - Rhythm = 1000 ms
1,1,0,0,0,172,175,0,325,4095,3480,1,67,200,65534,242,5,5,125,7,74,0,0 # SO: Vertical Bin (172:175;0:325) -Tint = 200 ms -20 bit - Rhythm = 334 ms
1,1,0,0,0,172,175,0,325,4095,3480,1,233,200,65534,242,5,5,125,7,74,0,0 # SO: Vertical Bin (172:175;0:325) -Tint = 200 ms -20 bit - Rhythm = 500 ms
1,1,0,0,0,172,175,0,325,4095,3480,1,733,200,65534,242,5,5,125,7,74,0,0 # SO: Vertical Bin (172:175;0:325) -Tint = 200 ms -20 bit - Rhythm = 1000 ms
1,1,0,0,0,172,175,0,325,4095,3480,1,0,300,65534,242,5,5,125,7,74,0,0 # SO: Vertical Bin (172:175;0:325) -Tint = 300 ms -20 bit - Rhythm = 367 ms
1,1,0,0,0,172,175,0,325,4095,3480,1,133,300,65534,242,5,5,125,7,74,0,0 # SO: Vertical Bin (172:175;0:325) -Tint = 300 ms -20 bit - Rhythm = 500 ms
1,1,0,0,0,172,175,0,325,4095,3480,1,633,300,65534,242,5,5,125,7,74,0,0 # SO: Vertical Bin (172:175;0:325) -Tint = 300 ms -20 bit - Rhythm = 1000 ms
1,1,0,0,0,172,175,0,325,4095,3480,1,0,450,65534,242,5,5,125,7,74,0,0 # SO: Vertical Bin (172:175;0:325) -Tint = 450 ms -20 bit - Rhythm = 517 ms
1,1,0,0,0,172,175,0,325,4095,3480,1,483,450,65534,242,5,5,125,7,74,0,0 # SO: Vertical Bin (172:175;0:325) -Tint = 450 ms -20 bit - Rhythm = 1000 ms
1,1,0,0,0,174,174,0,325,4095,3480,1,249,50,65534,242,5,5,125,7,202,0,0 # SO: Vertical Bin (174:174;0:325) -Tint = 50 ms -16 bit - Rhythm = 334 ms
1,1,0,0,0,174,174,0,325,4095,3480,1,415,50,65534,242,5,5,125,7,202,0,0 # SO: Vertical Bin (174:174;0:325) -Tint = 50 ms -16 bit - Rhythm = 500 ms
1,1,0,0,0,174,174,0,325,4095,3480,1,915,50,65534,242,5,5,125,7,202,0,0 # SO: Vertical Bin (174:174;0:325) -Tint = 50 ms -16 bit - Rhythm = 1000 ms
1,1,0,0,0,174,174,0,325,4095,3480,1,199,100,65534,242,5,5,125,7,202,0,0 # SO: Vertical Bin (174:174;0:325) -Tint = 100 ms -16 bit - Rhythm = 334 ms
1,1,0,0,0,174,174,0,325,4095,3480,1,365,100,65534,242,5,5,125,7,202,0,0 # SO: Vertical Bin (174:174;0:325) -Tint = 100 ms -16 bit - Rhythm = 500 ms
1,1,0,0,0,174,174,0,325,4095,3480,1,865,100,65534,242,5,5,125,7,202,0,0 # SO: Vertical Bin (174:174;0:325) -Tint = 100 ms -16 bit - Rhythm = 1000 ms
1,1,0,0,0,174,174,0,325,4095,3480,1,149,150,65534,242,5,5,125,7,202,0,0 # SO: Vertical Bin (174:174;0:325) -Tint = 150 ms -16 bit - Rhythm = 334 ms
1,1,0,0,0,174,174,0,325,4095,3480,1,315,150,65534,242,5,5,125,7,202,0,0 # SO: Vertical Bin (174:174;0:325) -Tint = 150 ms -16 bit - Rhythm = 500 ms
1,1,0,0,0,174,174,0,325,4095,3480,1,815,150,65534,242,5,5,125,7,202,0,0 # SO: Vertical Bin (174:174;0:325) -Tint = 150 ms -16 bit - Rhythm = 1000 ms
1,1,0,0,0,174,174,0,325,4095,3480,1,99,200,65534,242,5,5,125,7,202,0,0 # SO: Vertical Bin (174:174;0:325) -Tint = 200 ms -16 bit - Rhythm = 334 ms
1,1,0,0,0,174,174,0,325,4095,3480,1,265,200,65534,242,5,5,125,7,202,0,0 # SO: Vertical Bin (174:174;0:325) -Tint = 200 ms -16 bit - Rhythm = 500 ms
1,1,0,0,0,174,174,0,325,4095,3480,1,765,200,65534,242,5,5,125,7,202,0,0 # SO: Vertical Bin (174:174;0:325) -Tint = 200 ms -16 bit - Rhythm = 1000 ms
1,1,0,0,0,174,174,0,325,4095,3480,1,0,300,65534,242,5,5,125,7,202,0,0 # SO: Vertical Bin (174:174;0:325) -Tint = 300 ms -16 bit - Rhythm = 335 ms
1,1,0,0,0,174,174,0,325,4095,3480,1,165,300,65534,242,5,5,125,7,202,0,0 # SO: Vertical Bin (174:174;0:325) -Tint = 300 ms -16 bit - Rhythm = 500 ms
1,1,0,0,0,174,174,0,325,4095,3480,1,665,300,65534,242,5,5,125,7,202,0,0 # SO: Vertical Bin (174:174;0:325) -Tint = 300 ms -16 bit - Rhythm = 1000 ms
1,1,0,0,0,174,174,0,325,4095,3480,1,0,450,65534,242,5,5,125,7,202,0,0 # SO: Vertical Bin (174:174;0:325) -Tint = 450 ms -16 bit - Rhythm = 485 ms
1,1,0,0,0,174,174,0,325,4095,3480,1,15,450,65534,242,5,5,125,7,202,0,0 # SO: Vertical Bin (174:174;0:325) -Tint = 450 ms -16 bit - Rhythm = 500 ms
1,1,0,0,0,174,174,0,325,4095,3480,1,515,450,65534,242,5,5,125,7,202,0,0 # SO: Vertical Bin (174:174;0:325) -Tint = 450 ms -16 bit - Rhythm = 1000 ms
1,1,0,0,0,169,176,0,1047,4095,3480,1,351,40,65534,242,5,5,125,7,74,1,0 # SO: Vertical Bin (169:176;0:1047) -Tint = 40 ms -20 bit - Rhythm = 500 ms
1,1,0,0,0,169,176,0,1047,4095,3480,1,351,40,65534,242,5,5,125,7,74,3,0 # SO: Vertical Bin (169:176;0:1047) -Tint = 40 ms -20 bit - Rhythm = 500 ms
1,1,0,0,0,169,176,0,1047,4095,3480,1,351,40,65534,242,5,5,125,7,74,7,0 # SO: Vertical Bin (169:176;0:1047) -Tint = 40 ms -20 bit - Rhythm = 500 ms
1,1,0,0,0,169,176,0,1047,4095,3480,1,316,75,65534,242,5,5,125,7,74,1,0 # SO: Vertical Bin (169:176;0:1047) -Tint = 75 ms -20 bit - Rhythm = 500 ms
1,1,0,0,0,169,176,0,1047,4095,3480,1,316,75,65534,242,5,5,125,7,74,3,0 # SO: Vertical Bin (169:176;0:1047) -Tint = 75 ms -20 bit - Rhythm = 500 ms
1,1,0,0,0,169,176,0,1047,4095,3480,1,316,75,65534,242,5,5,125,7,74,7,0 # SO: Vertical Bin (169:176;0:1047) -Tint = 75 ms -20 bit - Rhythm = 500 ms
1,1,0,0,0,169,176,0,1047,4095,3480,1,291,100,65534,242,5,5,125,7,74,1,0 # SO: Vertical Bin (169:176;0:1047) -Tint = 100 ms -20 bit - Rhythm = 500 ms
1,1,0,0,0,169,176,0,1047,4095,3480,1,291,100,65534,242,5,5,125,7,74,3,0 # SO: Vertical Bin (169:176;0:1047) -Tint = 100 ms -20 bit - Rhythm = 500 ms
1,1,0,0,0,169,176,0,1047,4095,3480,1,291,100,65534,242,5,5,125,7,74,7,0 # SO: Vertical Bin (169:176;0:1047) -Tint = 100 ms -20 bit - Rhythm = 500 ms
1,1,0,0,0,169,176,0,1047,4095,3480,1,191,200,65534,242,5,5,125,7,74,1,0 # SO: Vertical Bin (169:176;0:1047) -Tint = 200 ms -20 bit - Rhythm = 500 ms
1,1,0,0,0,169,176,0,1047,4095,3480,1,191,200,65534,242,5,5,125,7,74,3,0 # SO: Vertical Bin (169:176;0:1047) -Tint = 200 ms -20 bit - Rhythm = 500 ms
1,1,0,0,0,169,176,0,1047,4095,3480,1,191,200,65534,242,5,5,125,7,74,7,0 # SO: Vertical Bin (169:176;0:1047) -Tint = 200 ms -20 bit - Rhythm = 500 ms
1,1,0,0,0,169,176,0,1047,4095,3480,1,0,400,65534,242,5,5,125,7,74,1,0 # SO: Vertical Bin (169:176;0:1047) -Tint = 400 ms -20 bit - Rhythm = 509 ms
1,1,0,0,0,169,176,0,1047,4095,3480,1,0,400,65534,242,5,5,125,7,74,3,0 # SO: Vertical Bin (169:176;0:1047) -Tint = 400 ms -20 bit - Rhythm = 509 ms
1,1,0,0,0,169,176,0,1047,4095,3480,1,0,400,65534,242,5,5,125,7,74,7,0 # SO: Vertical Bin (169:176;0:1047) -Tint = 400 ms -20 bit - Rhythm = 509 ms
1,1,0,0,0,167,182,0,1047,4095,3480,1,307,0,65534,242,5,5,125,7,74,0,0 # SO: Vertical Bin (167:182;0:1047) -Tint = 0 ms -20 bit - Rhythm = 500 ms
1,1,0,0,0,169,176,0,1047,4095,3480,1,391,0,65534,242,5,5,125,7,74,0,0 # SO: Vertical Bin (169:176;0:1047) -Tint = 0 ms -20 bit - Rhythm = 500 ms
1,1,0,0,0,172,175,0,1047,4095,3480,1,433,0,65534,242,5,5,125,7,74,0,0 # SO: Vertical Bin (172:175;0:1047) -Tint = 0 ms -20 bit - Rhythm = 500 ms
1,1,0,0,0,173,174,0,1047,4095,3480,1,465,0,65534,242,5,5,125,7,202,0,0 # SO: Vertical Bin (173:174;0:1047) -Tint = 0 ms -16 bit - Rhythm = 500 ms
1,1,0,0,0,174,174,0,1047,4095,3480,1,465,0,65534,242,5,5,125,7,202,0,0 # SO: Vertical Bin (174:174;0:1047) -Tint = 0 ms -16 bit - Rhythm = 500 ms
1,1,0,0,0,169,176,0,1047,4095,3480,1,185,40,65534,242,5,5,125,7,74,15,0 # SO: Vertical Bin (169:176;0:1047) -Tint = 40 ms -20 bit - Rhythm = 334 ms
1,1,4,4,4,169,176,0,1047,4095,3480,1,0,30,65534,242,5,5,125,7,74,0,0 # SO: Vertical Bin (169:176;0:1047) -Tint = 30 ms -20 bit - Rhythm = 692 ms
1,1,4,4,4,169,176,0,1047,4095,3480,1,0,40,65534,242,5,5,125,7,74,0,0 # SO: Vertical Bin (169:176;0:1047) -Tint = 40 ms -20 bit - Rhythm = 742 ms
1,1,4,4,4,169,176,0,1047,4095,3480,1,0,45,65534,242,5,5,125,7,74,0,0 # SO: Vertical Bin (169:176;0:1047) -Tint = 45 ms -20 bit - Rhythm = 767 ms
1,1,4,4,4,169,176,0,1047,4095,3480,1,0,50,65534,242,5,5,125,7,74,0,0 # SO: Vertical Bin (169:176;0:1047) -Tint = 50 ms -20 bit - Rhythm = 792 ms
1,1,4,4,4,169,176,0,1047,4095,3480,1,0,75,65534,242,5,5,125,7,74,0,0 # SO: Vertical Bin (169:176;0:1047) -Tint = 75 ms -20 bit - Rhythm = 917 ms
1,1,4,4,4,169,176,0,1047,4095,3480,1,0,100,65534,242,5,5,125,7,74,0,0 # SO: Vertical Bin (169:176;0:1047) -Tint = 100 ms -20 bit - Rhythm = 1042 ms
1,1,4,4,4,169,176,0,1047,4095,3480,1,0,125,65534,242,5,5,125,7,74,0,0 # SO: Vertical Bin (169:176;0:1047) -Tint = 125 ms -20 bit - Rhythm = 1167 ms
1,1,4,4,4,169,176,0,1047,4095,3480,1,0,150,65534,242,5,5,125,7,74,0,0 # SO: Vertical Bin (169:176;0:1047) -Tint = 150 ms -20 bit - Rhythm = 1292 ms
1,1,4,4,4,169,176,0,1047,4095,3480,1,0,200,65534,242,5,5,125,7,74,0,0 # SO: Vertical Bin (169:176;0:1047) -Tint = 200 ms -20 bit - Rhythm = 1542 ms
1,1,4,4,4,169,176,0,1047,4095,3480,1,0,300,65534,242,5,5,125,7,74,0,0 # SO: Vertical Bin (169:176;0:1047) -Tint = 300 ms -20 bit - Rhythm = 2042 ms
1,1,4,4,4,169,176,0,1047,4095,3480,1,0,450,65534,242,5,5,125,7,74,0,0 # SO: Vertical Bin (169:176;0:1047) -Tint = 450 ms -20 bit - Rhythm = 2792 ms
1,0,4,4,4,172,174,0,1047,4095,3480,1,105,40,65534,242,5,5,125,7,202,0,0 # SO: Full Frame (172:174;0:1047) - Tint = 40 ms -16 bit - Rhythm = 1004 ms
1,0,4,4,4,172,174,0,1047,4095,3480,1,0,450,65534,242,5,5,125,7,202,0,0 # SO: Full Frame (172:174;0:1047) - Tint = 450 ms -16 bit - Rhythm = 2529 ms
